"SDI System: Additional Noninterest Expense"
"","Title","Variable","Definition"
"1.","Additional noninterest expense","IDEOTH","This includes all other operating expenses of the institution. These may consist of net (gains) or losses on OREO, loans sales, fixed assets sales, amortization of intangible assets, or other itemized expenses. Beginning in June 1996, this does not include losses on asset sales for TFR reporters. Such gains (losses) are included net in noninterest income.<BR><BR>RIS definition: <BR>YR - IDEOTH = EOTHNINT + EAMINTAN (>2000) or IDEOTH=EOTHNINT<BR>QTR - IDOTHNIQ = NONIIQ - SUM(IFIDUCQ, ISERCHGQ, IGLTRDQ)"
"2.","Goodwill impairment losses and amortization expense","EAMINTAN","Goodwill impairment losses and amortization expense and impairment loss for other intangible assets on a consolidated basis"
"3.","Amortization expense and impairment losses for other intangible losses","EINTOTH","Amortization expense and impairment losses for other intangible assets. This item is not available for TFR Reporters. "
"4.","Goodwill impairment losses","EINTGW","Goodwill impairment losses. This item is not available for TFR Reporters."
"5.","All other noninterest expense","eothnint","All other noninterest expense on a consolidated basis.<br><br>May include: <br>Data processing expenses, <br>Advertising and marketing expenses, <br>Directors� fees, <br>Printing, stationery, and supplies, <br>Postage,<br>Legal fees and expenses,<br>FDIC deposit insurance assessments,<br>Expenses related to the testing and training of officers and employees, <BR>Accounting and auditing expenses,<br>Consulting and advisory expenses,<br>Automated teller machine (ATM) and interchange expenses, and <br>Telecommunications expenses. <br><br>For <a href='HelpItemForm.asp?SystemForm=ID&HelpItem=callrpt'>Call Reporters</a> prior to March 2001, it includes the amortization of intangible assets. It does not include losses on asset sales for <a href='HelpItemForm.asp?SystemForm=ID&HelpItem=tfrrpt'>TFR Reporters</a>.beginning in June 1996; such gains (losses) are includednet in noninterest income."
