"SDI System: Cash Dividends"
"","Title","Variable","Definition"
"1.","Cash dividends","eqcdiv","Cash dividends paid on common and preferred stock."
"2.","Cash dividends declared on preferred stock","eqcdivp","Cash dividends declared on preferred stock during the calendar year-to-date.  Prior to 2001, institutions with total assets of  less than $100 million file these data only on the December Call Report.  "
"3.","Cash dividends declared on common stock","eqcdivc","Cash dividends declared on common stock during the calendar year-to-date.  Prior to 2001, institutions with total assets of less than $100 million file these data only on the December Call Report."
