"SDI System: Custom Report Selection"
"","Title","Variable","Definition"
"1.","Custom Report Selections","CusRptSel","Selecting the 'Custom Reports' choice from the Report Selection drop-down menu creates a report consisting solely of selected data items. Each data item from any of the twenty-four reports within the SDI system can be selected.  To create a custom report:"
"2.","View Custom Report Selections","ConCusRpt","The 'View Custom Report Selections/View Custom Report Selections for Download' screen displays if: data items were selected when creating a custom report you selected a report to download from the confirmation page Review and confirm the data items that were selected in the  creation of the custom report or by selecting a report  to download from the confirmation page.  Then press: 			  Add More - to select additional data items 	 Next - to confirm the selections and create the custom report or continue with the download  "
"3.","Confirmation Reports","ConRpt","The Confirmation Report verifies the SDI database to ensure that the column selections are valid.  Invalid selections will be displayed on this report. For example, if a custom peer group is created for a given report date and then the report date is changed, the confirmation process determines whether all of the peers are valid for the modified report date. Any group that is not valid will be highlighted and will be accompanied by a message stating that the invalid peers are not available for the reporting period.   From the Confirmation Report, the user can:  Modify Report Dates 	 Modify  how income is calculated  		 year-to-date basis 			 quarterly basis 		 	 	 Make a report selection and 		 View 		 Download 		  	 Review column selections      Selecting 'Download' from the confirmation page creates a comma separated value (.CSV) file consisting solely of selected data items. Each data item from any of the SDI's  twenty-four reports can be selected.  (Note:  this download feature is based on the user's column selections and can return a maximum of two hundred records. Larger downloads can be accomplished by selecting the 'SDI Map, Definitions, and Data Download' tab from the main SDI menu.    To download from the confirmation page: "
