"SDI System: Deposits Based on the $100,000 Reporting Threshold"
"","Title","Variable","Definition"
"1.","Amount ($) Deposit accounts of $100,000 or less","depsmamt","Amount of deposit accounts of $100,000 or less held in domestic offices and in insured branches in Puerto Rico and U.S. territories and possessions beginning september 2009, institutions are required to report most deposits on the $250,000 threshold levels. beginning june 2006, excludes retirement accounts for Call Reporters. Beginning September 2006, excludes retirement accounts for Insured U.S. branches of a foreign chartered institutions (IBA). Beginning December 2006, excludes retirement accounts for TFR Reporters. "
"2.","Number (#) of deposit accounts of $ 100,000 or less (June only for Call)","depsmb","Number of deposit accounts of $ 100,000 or less held in domestic offices. This is listed as a memoranda only. beginning september 2009, institutions are required to report most deposits on the $250,000 threshold levels. Beginning June 2006, excludes retirement accounts for Call Reporters. Call Reporters provide this item only on the June Call report. TFR Reporters provide this item each quarter."
"3.","Amount ($)  - time deposits less than $100,000","ntrcdsm","Total time deposits, both certificates of deposits and time open-accounts, under $100,000 held in domestic offices. note: although standard fdic insurance coverage was temporarily raised from $100,000 to $250,000 in october 2008, institutions are required to report this item based on the $100,000 coverage limit through December 2009. This item is not available for TFR Reporters."
"4.","Amount ($) deposit accounts of more than $100,000","deplgamt","Amount of deposit accounts of more than $100,000 held in domestic offices and in insured branches in Puerto Rico and U.S. territories and possessions note: 1.) Beginning september 2009, institutions are required to report most deposits on the $250,000 threshold levels. 2.)beginning june 2006, excludes retirement accounts for Call Reporters. 3.) Beginning September 2006, excludes retirement accounts for Insured U.S. Branches of a foreign chartered institutions (IBAs). 4.) Beginning December 2006, excludes retirement accounts for TFR Reporters. "
"5.","Number (#) of deposit accounts more then $100,000","deplgb","Number of individual deposit accounts of more than $100,000 held in domestic offices and insured U.S. branches of a foreign chartered institutions (IBAs). As of March 1991, this item is reported on a quarterly basis and is listed as memoranda only. beginning june 2006, excludes retirement accounts for call reporters and beginning september 2006, excludes retirement accounts for ibas."
"6.","Amount  ($) - time deposits of $100,000 or more","ntrtmlg","Time certificates of deposit and open-account time deposits with balances of $100,000 or more held in domestic offices.  Listed as memoranda only and is included in total non-transaction accounts. <br><br>NOTE: Although standard FDIC insurance coverage was temporarily raised from $100,000 to $250,000 in October 2008, institutions are required to report this item based on the $100,000 coverage limit through December 2009<P>For <a href='HelpItemForm.asp?<br>SystemForm=ID&HelpItem=tfrrpt'>TFR Reporters</a>:<br> -   Prior to December 2006, includes all deposits (not just time deposits) with balances greater than $100,000.  <br> -  In December 2006, includes all non-retirement deposits with balances greater than $100,000 and all retirement deposit accounts with balances greater than $250,000.  <br> -  Beginning in 2007, this item only includes time deposits with balances greater than $100,000. "
