"SDI System: Deposits Held in Foreign Offices"
"","Title","Variable","Definition"
"1.","Deposits held in foreign offices","depfor","The sum of all foreign office deposits, including demand deposits, money market deposits, other savings deposits and time deposits.  *&nbsp;&nbsp;This item is not available for TFR Reporters."
"2.","Individuals, partnerships and corporations ","depipccf","Total transaction and nontransaction accounts of individuals, partnerships and corporations (including all certified and official checks) held in foreign offices.  This item is not available for TFR reporters with assets less than $300 million and risk-based capital ratios in excess of 12 percent."
"3.","Commercial banks and other depository institutions in U.S.","depusbkf","Deposits of U.S. banks (including IBFs and foreign branches of U.S. banks) and other depository institutions in the U.S that are held in foreign offices."
"4.","Banks in foreign countries","depfbkf","Deposits of foreign banks (including U.S. branches and agencies of foreign banks) held in foreign offices."
"5.","Foreign governments and official institutions","depfgovf","Deposits of foreign governments and official institutions (including foreign central banks) held in foreign offices."
"6.","U.S government, states, and political subdivisions","depusmf","Deposits of U.S. government, states and political subdivisions in the U.S. that are held in foreign offices."
