"SDI System: Find an Institution"
"","Title","Variable","Definition"
"1.","FDIC Certificate# ","InCert1","A unique number assigned by the FDIC used to identify institutions and for the issuance of insurance certificates. "
"2.","Institution Name","InName","Name of an institution. The entire name or part (at least 3 characters) of the name of a specific institution may be entered to produce an Institution List of available selections. "
"3.","City","InCity","City in which the headquarters are physically located. Either the entire name or part of the name of a specific city may be entered to produce an list of choices."
"4.","State","inStalp","Select from a drop-down box.  State in which the the headquarters are physically located. The FDIC Act defines state as any State of the United States, the District of Columbia, and any territory of the United States, Puerto Rico, Guam, American Samoa, the Trust Territory of the Pacific Islands, the Virgin Island, and the Northern Mariana Islands."
"5.","Institution Status","inInstStatus","Based on the demographic information, the selections are: active -- institutions that are currently open and insured by the FDIC, as of the date requested. If the data requested is other then Most Current, the institution may no longer be currently active. Inactive -- As of the Most Current data, institutions that are currently closed but were once insured by the FDIC. Inactive institutions include: - institutions that have merged with other institutions - institutions that have been acquired by other institutions - institutions that are no longer in business All -- Both active and inactive institutions as of the Most Current data. Note: Please use FDIC Bank Find to locate an institution based on a former name. "
"6.","Sort Institutions","inSort","The default sort order of an Institution List is by institution name. If an alternative sort order is desired, select one from the drop-down box."
"7.","Information as of","Period1","The financial information date selected from the drop-down box will generate data for the period ending on that date."
