"SDI System: Find a Bank Holding Company"
"","Title","Variable","Definition"
"1.","Federal Reserve ID Number","RSSDID","A unique number assigned by the Federal Reserve Board as the entity's unique identifier (RSSDID) for the Regulatory top holder. note: information on bank holding companies is only as of quarter-end.regulatory top holder is any company that directly or indirectly owns, controls or has power to vote 25 percent or more of a bank's or direct holding company's shares or controls in any manner the election of a majority of the directors or trustees of a bank or direct holding company or exercises a controlling influence over the management or policies of a bank or direct holding company. Information on Thrift Holding Companies that own Savings Associations but do not own banks is not currently available in the ID System. Source: Federal Reserve Board National Information Center data base."
"2.","Bank Holding Company (Regulatory Top Holder)","Namehcr","Note: Information on bank holding companies is only as of quarter-end.Regulatory top holder is any company that    directly or indirectly owns, controls or has power to vote 25 percent or more of a bank's or direct holding company's shares or  controls in any manner the election of a majority of the directors or trustees of a bank or direct holding company or  exercises a controlling influence over the management or policies of a bank or direct holding company.   Information on Thrift Holding Companies that own Savings Associations but do not own banks is not currently available in the ID System.  Source:  Federal Reserve Board National Information Center data base."
"3.","City","InCity","City in which the headquarters are physically located. Either the entire name or part of the name of a specific city may be entered to produce an list of choices."
"4.","State","InStalp","Select from a drop-down box.  State in which the the headquarters are physically located. The FDIC Act defines state as any State of the United States, the District of Columbia, and any territory of the United States, Puerto Rico, Guam, American Samoa, the Trust Territory of the Pacific Islands, the Virgin Island, and the Northern Mariana Islands."
"5.","Report Content","InReptLevel","Select the data you would like to retrieve from the drop down box.  These are the possible options:  Assets and Liabilities Income and Expense Performance & Condition Ratios Demographic Information as of quarter All Information "
"6.","Information as of","Period1","The financial information date selected from the drop-down box will generate data for the period ending on that date."
"7.","Sort Institutions","InSort","The default sort order of an Institution List is by institution name. If an alternative sort order is desired, select one from the drop-down box."
"8.","Bank Holding Company Type","hctmult","Select from Multibank Holding Companies (HCs); One Bank HCs or both Multibank and One Bank HCs."
