"SDI System: Income and Expense"
"","Title","Variable","Definition"
"1.","Total interest income","intinc","Sum of income on loans and leases, plus investment income, interest on interest bearing bank balances, interest on federal funds sold and interest on trading account assets earned by the institution."
"2.","Total interest expense","eintexp","Total interest expense"
"3.","Net interest income","nim","Total interest income minus total interest expense. It represents the difference between interest and dividends earned on interest-bearing assets and interest paid to depositors and other creditors."
"4.","Provision for loan and lease losses","elnatr","The amount needed to make the allowance for loan and lease losses adequate to absorb expected loan and lease losses (based upon management's evaluation of the bank's current loan and lease portfolio). call reporters: prior to 2001 and after 2002, an allowance for transfer risk is also included to cover losses on international assets. Additionally, from 1997 to 2000, includes provision for credit losses on off-balance sheet credit exposures. TFR Reporters: Reflects net provision for losses on interest-bearing assets. "
"5.","Total noninterest income","nonii","Income from fiduciary activities, plus service charges on deposit accounts in domestic offices, plus trading gains (losses) and fees from foreign exchange transactions, plus other foreign transaction gains (losses), plus other gains (losses) and fees from trading assets and liabilities."
"6.","Gross Fiduciary activities  income","ifiduc","Income from services rendered by the institution's trust department or by any of its consolidated subsidiaries acting in any fiduciary capacity.   This item is not available for TFR Reporters."
"7.","Service charges on deposit accounts","iserchg","Service charges on deposit accounts held in domestic offices.<p>For example fees related to: the maintenance of their deposit accounts with the bank,  failure to maintain specified minimum deposit balances,  the number of checks drawn on and deposits made in their deposit accounts, checks drawn on so-called 'no minimum balance' deposit accounts, withdrawals from non-transaction deposit accounts,  closing of savings accounts before a specified minimum period of time has elapsed, accounts inactive for extended periods of time or which have become dormant, deposits to or withdrawals from deposit accounts through the use of automated teller machines or remote service units, the processing of checks drawn against insufficient funds, so-called 'NSF check charges,' that the bank assesses regardless of whether it decides to pay, return, or hold the check. issuing stop payment orders,  certifying checks, etc�. </p><P>As of March 2011,this item is available for </FONT><A HREF='definitions.asp?SystemForm=ID&HelpItem=tfrrpt'><FONT FACE='Helvetica' SIZE=2>TFR Reporters</FONT></A><FONT FACE='Helvetica' SIZE=2>.</P>"
"8.","Trading account gains and fees","igltrad","Net gains and losses from trading cash instruments and off-balance sheet derivative contracts (including commodity contracts) that have been recognized during the accounting period."
"9.","Additional Noninterest Income","idothnii","Includes the following noninterest income: investment banking, advisory, brokerage, and underwriting;Venture capital revenue;Net Servicing fees;Net securitization income;Insurance commission fees and income;Net gains (losses) on sales of loans;Net gains (losses) on sales of real estate owned;Net gains (losses) on sales of other assets (excluding securities);and Other noninterest income. RIS definition = IDOTHNII = NONII - SUM(IFIDUC, ISERCHG, IGLTRAD)"
"10.","Total noninterest expense","nonix","Salaries and employee benefits, expenses of premises and fixed assets (net of rental income), and other noninterest expenses."
"11.","Salaries and employee benefits","esal","Salaries and employee benefits expense."
"12.","Premises and equipment expense","epremagg","Expenses of bank premises and fixed assets, net of rental income. Excludes salaries and employee benefits and mortgage interest."
"13.","Additional noninterest expense","IDEOTH","This includes all other operating expenses of the institution. These may consist of net (gains) or losses on OREO, loans sales, fixed assets sales, amortization of intangible assets, or other itemized expenses. Beginning in June 1996, this does not include losses on asset sales for TFR reporters. Such gains (losses) are included net in noninterest income.<BR><BR>RIS definition: <BR>YR - IDEOTH = EOTHNINT + EAMINTAN (>2000) or IDEOTH=EOTHNINT<BR>QTR - IDOTHNIQ = NONIIQ - SUM(IFIDUCQ, ISERCHGQ, IGLTRDQ)"
"14.","Pre-tax net operating income","idpretx","Net income (loss) before income taxes and extraordinary items and other adjustments minus gains (losses) on securities not held in trading accounts.<BR><BR>RIS definition:<BR>YR - IDPRETX = SUM(IBEFTAX, -IGLSEC)<BR>QTR - IDPRETXQ = SUM(IBEFTXQ, -IGLSECQ)"
"15.","Securities gains (losses)","iglsec","Realized gains (losses) on held-to-maturity and available-for-sale securities, before adjustments for income taxes. Thrift Financial Reporters also include gains (losses) on the sale of other assets held for sale."
"16.","Applicable income taxes","itax","Applicable federal, state and local, and foreign income taxes."
"17.","Income before extraordinary items","ibefxtr","Income (loss) before security transactions, extraordinary items and other adjustments.  "
"18.","Extraordinary gains, net","extra","Extraordinary items and other adjustments, net of income taxes. <br><br>Due to an accounting change as of September 2016, Extraordinary Gains,Net now only includes Discontinued Operations Expense.  <br><br>Accordingly, comparison to periods prior to September 2016 are not meaningful, since prior periods included all Extraordinary gains and Discontinued operations expense."
"19.","Net income","netinc","Net interest income plus total noninterest income plus realized gains (losses) on securities and extraordinary items, less total noninterest expense, loan loss provisions and income taxes."
"20.","Minority interest net income","NETIMIN","Net income (loss) attributable to noncontrolling (minority) interests on a consolidated basis. note: available starting march 31, 2009."
"21.","Net income of bank and minority interests.","NETINBM","Net income (loss) attributable to the bank and noncontrolling (minority) interests on a consolidated basis. note: available beginning march 31, 2009."
"22.","Net charge-offs","ntlnls","Total loans and leases charged-off (removed from balance sheet because of uncollectibility), less amounts recovered on loans and leases previously charged-off."
"23.","Cash dividends","eqcdiv","Cash dividends paid on common and preferred stock."
"24.","Sale, conversion, retirement of capital stock, net","eqcstkrx","Sale, conversion, acquisition, or retirement of capital stock, net.  Included are the sale of the institution's perpetual preferred stock or common stock; exercise of stock options, conversion of convertible debt, limited life preferred stock, or perpetual preferred stock into common stock or perpetual preferred; redemption and retirement of perpetual preferred stock or common stock; treasury stock transactions; and capital related transactions involving the institution's employee stock ownership plan.  Institutions with total assets of less than $100 million file these data only on the December Call Report."
"25.","Net operating income","noij","Net income excluding discretionary transactions such as gains (losses) on the sale of investment securities and extraordinary items. Income taxes subtracted from operating income have been adjusted to exclude the portion applicable to securities gains (losses)."
