"SDI System: Letters of Credit"
"","Title","Variable","Definition"
"1.","Financial and performance standby letters of credit & foreign office guarantees","locfpsb","The amount of outstanding and unused financial standby letters of credit, foreign office guarantees, performance standby letters of credit, and foreign office guarantees (including cash collateral standby letters of credit)."
"2.","Amount conveyed to others","locfpsbk","That portion of financial standby letters of credit, foreign office guarantees, performance standby letters of credit, and foreign office guarantees (including cash collateral standby letters of credit) conveyed to others."
"3.","Financial standby letters of credit & foreign office guarantees","locfsb","The amount of outstanding and unused financial standby letters of credit and foreign office guarantees."
"4.","Amount conveyed to others","locfsbk","That portion of financial standby letters of credit and foreign office guarantees conveyed to others."
"5.","Performance standby letters of credit","locpsb","The amount of outstanding and unused performance standby letters of credit.  A performance standby letter of credit irrevocably obligates the financial institution to pay a third party beneficiary when a customer fails to perform some contractual nonfinancial obligation."
"6.","Amount conveyed to others","locpsbk","That portion of performance standby letters of credit and foreign office guarantees conveyed to others."
"7.","Commercial and similar letters of credit","loccom","The amount of outstanding and unused commercial and similar letters of credit.  Issued or confirmed commercial letters of credit, non-monetary travelers' letters of credit and similar non-standby letters of credit are issued specifically to facilitate trade or commerce."
