"SDI System: Loan Charge-Offs and Recoveries"
"","Title","Variable","Definition"
"1.","Total charge-offs","drlnls","The total amount of charged-off loans and lease financing receivables debited to the allowance for loan and lease losses established by the institution."
"2.","Loans secured by real estate, total","drre","The total amount of charged-off loans secured by real estate debited to the allowance for loan and lease losses established by the institution."
"3.","To non-U.S. addressees","drrenus","The total amount of charged-off loans secured by real estate (whose addresses are not within the U.S.) debited to the allowance for loan and lease losses established by the institution. This information is not available on a quarterly basis."
"4.","Real estate loans in domestic offices","iddrredm","The total amount of charged-off loans secured by real estate and held in domestic offices of the institution.<BR><BR>RIS definitions: <br> YTD -IDDRREDM = SUM(DRRECONS, DRREAG, DRRERES, DRREMULT, DRRENRES)<br> QTR - IDDRREDQ = sum(drreconq,drreagq,drreresq,drremulq,drrenrsq)"
"5.","Construction and land development","drrecons","Total real estate loans (which are held in domestic offices) for construction and land development purposes that have charged-off and debited to the allowance for loan and lease losses established by the institution."
"6.","1-4 family residential construction loan charge offs","DRRECNFM","Charged off 1-4 family residential construction loans. (Data available as of March 2007)"
"7.","Other construction loans and all land development and other land loan charge off","DRRECNOT","Charged off other construction loans and all land development and other land loans. (Data available as of March 2007)"
"8.","Secured by farmland","drreag","Total loans secured by farmland (which are held in domestic offices) that have been charged-off and debited to the allowance for loan and lease losses established by the institution.  This item is not available for TFR Reporters"
"9.","Total charge-offs secured by 1-4 family residential properties","drreres","Total loans secured by 1-4 family residential properties (which are held in domestic offices) that have been charged-off and debited to the allowance for loan and lease losses established by the institution."
"10.","Secured by multifamily residential properties","drremult","Total multifamily (5 or more) residential properties (which are held in domestic offices) that have been charged-off and debited to the allowance for loan and lease losses established by the institution."
"11.","Secured by nonfarm nonresidential properties","drrenres","Total nonfarm nonresidential properties (which are held in domestic offices) that have been charged-off and debited to the allowance for loan and lease losses established by the institution."
"12.","Secured by owner-occupied nonfarm nonresidential properties - charge offs","DRRENROW","Charged off loans secured by owner-occupied nonfarm nonresidential properties. Data available as of March 2007.This item was not available for TFR Reporters."
"13.","Secured by other nonfarm nonresidential properties - charge offs","DRRENROT","Charged off loans secured by other nonfarm nonresidential properties. Data available as of March 2007.This item was not available for TFR Reporters."
"14.","Real estate loans in foreign offices","drrefor","The total amount of charged-off loans secured by real estate and held in foreign offices of the institution."
"15.","Loans to depository institutions","drdep","Total loans to depository institutions and acceptances of other banks that have been charged-off and debited to the allowance for loan and lease losses established by the institution.  This item is not available for TFR Reporters"
"16.","To foreign banks","drdepnus","Total loans to foreign depository institutions and acceptances of other banks that have been charged-off and debited to the allowance for loan and lease losses established by the institution.  This information is not available on a quarterly basis."
"17.","Loans to finance agricultural production and other loans to farmers","drag","Total loans to finance agricultural production and other loans to farmers that have been charged-off and debited to the allowance for loan and lease losses established by the institution.  This item is not available for TFR Reporters"
"18.","Commercial and industrial loans","drci","Total commercial and industrial loans that have been charged-off and debited to the allowance for loan and lease losses established by the institution.  Note: For banks with assets of less than $300 million, this item includes all other loans (loans to depository institutions, agricultural loans, etc.)."
"19.","Loans to individuals","drcon","Total loans to individuals for household, family, and other personal expenditures that have been charged-off and debited to the allowance for loan and lease losses established by the institution."
"20.","Credit card loan charge offs","drcrcd","Total credit cards and related plans to individuals for household, family, and other personal expenditures that have been charged-off and debited to the allowance for loan and lease losses established by the institution. note: 1) prior to march 2001, included charge-offs of related revolving credit plans other than credit cards. "
"21.","Auto Loans Charge-Offs","DRAUTO","Charged-off loans to individuals for household, family, and other personal expenditures:  Automobile loans debited to the allowance for loan and lease losses. Quarterly variable: DRAUTOQ "
"22.","Other Consumer Loan Charge-Offs","DRCONOTH","Charged-off loans to individuals for household, family, and other personal expenditures: all other loans debited to the allowance for loan and lease losses.  Note: Prior to March  2011, excludes automobile loans.  Beginning March 2001, includes revolving creditplans other than credit cards. Quarterly Variable: DRCONOTQ"
"23.","Loans to foreign governments and official institutions","drforgv","Total loans to foreign governments and official institutions that have been charged-off and debited to the allowance for loan and lease losses established by the institution.  This item is not available for TFR Reporters"
"24.","Other loans","drother","All other loans that have been charged-off and debited to the allowance for loan and lease losses established by the institution.  This item is not available for TFR Reporters"
"25.","Lease financing receivables","drls","Total lease financing receivables that have been charged-off and debited to the allowance for loan and lease losses established by the institution.  This item is not available for TFR Reporters"
"26.","Loans to finance agricultural production and other loans to farmers","dragsm","Total loans to finance agricultural production and other loans to farmers that have been charged-off and debited to the allowance for loan and lease losses established by the institution.  This item is reported only by institutions with assets of $300 million or less.  This item is not available for TFR Reporters"
"27.","Total recoveries","crlnls","The total amount of recoveries of loans and lease financing receivables credited to the allowance for loan and lease losses established by the institution."
"28.","Loans secured by real estate, total","crre","The total amount of recoveries of loans secured by real estate credited to the allowance for loan and lease losses established by the institution."
"29.","To non-U.S. addressees","crrenus","The total amount of recoveries of loans secured by real estate (whose addresses are not within the U.S.) credited to the allowance for loan and lease losses established by the institution.  This information is not available on a quarterly basis."
"30.","Real estate loans in domestic offices","idcrredm","The total amount of recoveries of loans secured by real estate and held in domestic offices of the institution.<BR><BR>RIS definition:<BR>YR - IDCRREDM = SUM(CRRECONS, CRREAG, CRRERES, CRREMULT, CRRENRES)<BR>QTR - IDCRREDQ = SUM(CRRECONQ, CRREAGQ, CRRERESQ, CRREMULQ, CRRENRSQ)"
"31.","Construction and land development","crrecons","Total recoveries of real estate loans (which are held in domestic offices) for construction and land development purposes that have been credited to the allowance for loan and lease losses established by the institution."
"32.","1-4 family residential construction loan recoveries","CRRECNFM","Recovered 1-4 family residential construction loans (data available as of March 2007)"
"33.","Other construction loans and all land development and other land loan recoveries","CRRECNOT","Recovered other construction loans and all land development and other land loans. (Data available as of March 2007)"
"34.","Secured by farmland","crreag","Total recoveries of loans secured by farmland (which are held in domestic offices) that have been charged-off and credited to the allowance for loan and lease losses established by the institution."
"35.","Secured by 1-4 family residential properties - total recoveries","crreres","Total recoveries of loans secured by 1-4 family residential properties (which are held in domestic offices) that have been credited to the allowance for loan and lease losses established by the institution."
"36.","Secured by multifamily residential properties","crremult","Total recoveries of multifamily (5 or more) residential properties (which are held in domestic offices) that have been credited to the allowance for loan and lease losses established by the institution."
"37.","Secured by nonfarm nonresidential properties","crrenres","Total recoveries of nonfarm nonresidential properties (which are held in domestic offices) that have been credited to the allowance for loan and lease losses established by the institution."
"38.","Secured by owner-occupied nonfarm nonresidential property - recoveries","CRRENROW","Recovered loans secured by owner-occupied nonfarm nonresidential properties. Data available as of March 2007. This item was not available for TFR Reporters."
"39.","Secured by other nonfarm nonresidential property - recoveries","CRRENROT","Recovered loans secured by other nonfarm nonresidential properties. Data available as of March 2007. This item was not available for TFR Reporters."
"40.","Real estate loans in foreign offices","crrefor","The total amount of charged-off loans secured by real estate and held in foreign offices of the institution."
"41.","Loans to depository institutions","crdep","Total recoveries of loans to depository institutions and acceptances of other banks that have been credited to the allowance for loan and lease losses established by the institution.  This item is not available for TFR Reporters"
"42.","To foreign banks","crdepnus","Total recoveries of loans to foreign depository institutions and acceptances of other banks that have been credited to the allowance for loan and lease losses established by the institution.  This information is not available on a quarterly basis."
"43.","Loans to finance agricultural production and other loans to farmers","crag","Total recoveries of loans to finance agricultural production and other loans to farmers that have been credited to the allowance for loan and lease losses established by the institution.  This item is not available for TFR Reporters"
"44.","Commercial and industrial loans","crci","Total recoveries of commercial and industrial loans that have been credited to the allowance for loan and lease losses established by the institution.  Note: For banks with assets of less than $300 million, this item includes all other loans (loans to depository institutions, agricultural loans, etc.)."
"45.","Loans to individuals","crcon","Total recoveries of loans to individuals for household, family, and other personal expenditures that have been credited to the allowance for loan and lease losses established by the institution."
"46.","Credit card loan recoveries","crcrcd","Total recoveries of credit cards and related plans to individuals for household, family, and other personal expenditures that have been credited to the allowance for loan and lease losses established by the institution. note: 1) prior to march 2001, included recoveries of related revolving credit plans other than credit cards. "
"47.","Auto Loans - Recoveries","CRAUTO","Recoveries of loans to individuals for household, family and other personal expenditures:automobile loans credited to the allowance for loan and lease losses. Quarterly Variable: CRAUTOQ "
"48.","Other Consumer Loan Recoveries","CRCONOTH","Recoveries of loans to individuals for household, family, and other personal expenditures: all other loans credited to the allowance for loan and lease losses.  Note: Beginning March 2011, excludes automobile loans. Beginning March 2001, includes recoveries of revolving credit plans other than credit cards. Quarterly Variable: CRCONOTQ"
"49.","Loans to foreign governments and official institutions","crforgv","Total recoveries of loans to foreign governments and official institutions that have been credited to the allowance for loan and lease losses established by the institution.  This item is not available for TFR Reporters"
"50.","Other loans","crother","Recoveries of all other loans that have been credited to the allowance for loan and lease losses established by the institution.  This item is not available for TFR Reporters"
"51.","Lease financing receivables","crls","Total recoveries of lease financing receivables that have been credited to the allowance for loan and lease losses established by the institution.  This item is not available for TFR Reporters"
"52.","Loans to finance agricultural production and other loans to farmers","cragsm","Total recoveries of loans to finance agricultural production and other loans to farmers that have been credited to the allowance for loan and lease losses established by the institution.  This item is reported only by institutions with assets of $300 million or less.  This item is not available for TFR Reporters"
"53.","Net charge-offs","ntlnls","Total loans and leases charged-off (removed from balance sheet because of uncollectibility), less amounts recovered on loans and leases previously charged-off."
"54.","Loans secured by real estate, total","ntre","The net amount of charged-off loans secured by real estate debited to the allowance for loan and lease losses established by the institution."
"55.","To non-U.S. addressees","ntrenus","The net amount of charged-off loans secured by real estate (whose addresses are not within the U.S.) debited to the allowance for loan and lease losses established by the institution.  This information is not available on a quarterly basis."
"56.","Real estate loans in domestic offices","idntredm","The net amount of charged-off loans secured by real estate and held in domestic offices of the institution.<BR><BR>RIS definition:<BR>YR - IDNTREDM = SUM(NTRECONS, NTREAG, NTRERES, NTREMULT, NTRENRES)<BR>QTR - IDNTREDQ = SUM(NTRECONQ,NTREAGQ,NTRERESQ,NTREMULQ,NTRENRSQ)"
"57.","Construction and land development","ntrecons","Net amount of real estate loans (which are held in domestic offices) for construction and land development purposes that have charged-off and debited to the allowance for loan and lease losses established by the institution."
"58.","1-4 family residential construction loan net charge offs","NTRECNFM","Net charged off 1-4 family residential construction loans, debited to the allowance for loan and lease losses, held in domestic offices (data available as of March 2007)"
"59.","Other contruction loans and all land development and other land loan net charge","NTRECNOT","Net charged off other construction loans and all land development and other land loans, debited to the allowance for loan and lease losses, held in domestic offices. (Data available as of March 2007)"
"60.","Secured by farmland","ntreag","Net amount of loans secured by farmland (which are held in domestic offices) that have been charged-off and debited to the allowance for loan and lease losses established by the institution.  This item is not available for TFR Reporters."
"61.","Secured by 1-4 family residential properties� net charge-offs","ntreres","Net amount of loans secured by 1-4 family residential properties (which are held in domestic offices) that have been charged-off and debited to the allowance for loan and lease losses established by the institution."
"62.","Secured by multifamily residential properties","ntremult","Net amount of multifamily (5 or more) residential properties (which are held in domestic offices) that have been charged-off and debited to the allowance for loan and lease losses established by the institution."
"63.","Secured by nonfarm nonresidential properties","ntrenres","Net amount of nonfarm nonresidential properties (which are held in domestic offices) that have been charged-off and debited to the allowance for loan and lease losses established by the institution."
"64.","Secured by owner-occupied nonfarm nonresidential properties - net charge offs","NTRENROW","Net charged off loans secured by owner-occupied nonfarm nonresidential properties, debited to the allowance for loan and lease losses, held in domestic offices (data available as of March 2007)"
"65.","Secured by other nonfarm nonresidential properties - net charge offs","NTRENROT","Net charged off loans secured by other nonfarm nonresidential properties, debited to the allowance for loan and lease losses, held in domestic offices. Data available as of March 2007. This item was not available for TFR Reporters."
"66.","Real estate loans in foreign offices","ntrefor","The net amount of charged-off loans secured by real estate and held in foreign offices of the institution."
"67.","Loans to depository institutions","ntdep","Net amount of loans to depository institutions and acceptances of other banks that have been charged-off and debited to the allowance for loan and lease losses established by the institution.  This item is not available for TFR Reporters."
"68.","To foreign banks","ntdepnus","Net amount of loans to foreign depository institutions and acceptances of other banks that have been charged-off and debited to the allowance for loan and lease losses established by the institution.  This information is not available on a quarterly basis."
"69.","Loans to finance agricultural production and other loans to farmers","ntag","Net amount of loans to finance agricultural production and other loans to farmers that have been charged-off and debited to the allowance for loan and lease losses established by the institution.  This item is not available for TFR Reporters."
"70.","Commercial and industrial loans","ntci","Net amount of commercial and industrial loans that have been charged-off and debited to the allowance for loan and lease losses established by the institution.  Note: For banks with assets of less than $300 million prior to 2001, this item includes all other loans (loans to depository institutions, agricultural loans, etc.)."
"71.","To non-U.S. addressees","ntcinus","Net amount of commercial and industrial loans with non-U.S. addressees that have been charged-off and debited to the allowance for loan and lease losses established by the institution.  This information is not available on a quarterly basis."
"72.","Loans to individuals","ntcon","Net amount of loans to individuals for household, family, and other personal expenditures that have been charged-off and debited to the allowance for loan and lease losses established by the institution."
"73.","Credit card loan net charge offs","ntcrcd","Net amount of credit card loans to individuals that have been charged-off and debited to the allowance for loan and lease losses established by the institution. note: prior to 2001, included revolving credit plans other than credit cards."
"74.","Auto Loans - Net Charge-Offs","NTAUTO","Net charged-off loans to individuals for household, family and other personal expenditures: automobile loans debited to the allowance for loan and lease losses. Quarterly Variable: NTAUTOQ"
"75.","Other Consumer Loans Net Charge-Offs","NTCONOTH","Net charged-off loans to individuals for household, family, and other personal expenditures:  All other loans debited to the allowance for loan and lease losses.Quarterly variable: NTCONOTQ  "
"76.","Loans to foreign governments and official institutions","ntforgv","Net amount of loans to foreign governments and official institutions that have been charged-off and debited to the allowance for loan and lease losses established by the institution."
"77.","Other loans","ntother","Net amount of all other loans that have been charged-off and debited to the allowance for loan and lease losses established by the institution.  This item is not available for TFR Reporters"
"78.","Lease financing receivables","ntls","Net amount of lease financing receivables that have been charged-off and debited to the allowance for loan and lease losses established by the institution.  This item is not available for TFR Reporters."
"79.","Loans to finance agricultural production and other loans to farmers","ntagsm","Net amount of loans to finance agricultural production and other loans to farmers that have been charged-off and debited to the allowance for loan and lease losses established by the institution.  This item is reported only by institutions with assets of $300 million or less.  This item is not available for TFR Reporters"
