"SDI System: Loans to Depository Institutions"
"","Title","Variable","Definition"
"1.","Loans to depository institutions and acceptances of other banks","lndepac","All loans (other than those secured by real estate), including overdrafts, to banks, other depositoryinstitutions, and other associations, companies, and financial intermediaries whose primarybusiness is to accept deposits and to extend credit for business or for personal expenditurepurposes.  Also the bank�s holdings of all bankers acceptances accepted by other banks thatare not held for trading. Acceptances accepted by other banks may be purchased in the openmarket or discounted by the reporting bank. "
"2.","To commercial banks in U.S.","lndepcb","Total loans to commercial banks located in the U.S. and acceptances of such banks. Begginning in 2001, this item is not reported by institutions with less than $300 million in total assets."
"3.","To U.S. branches and agencies of foreign banks","lndepusb","Total loans to U.S. branches and agencies of foreign banks and acceptances of such entities.  This item is not reported by institutions with less than $300 million in total assets.  "
"4.","To other depository institutions in U.S.","lndepus","Loans to other depository institutions in the U.S. (other than commercial banks domiciled in the U.S.) and acceptances of such entities.  This item is not reported by institutions with less than $300 million in total assets."
"5.","To banks in foreign countries","lndepfc","Loans to depository institutions and their branches that are located outside the U.S. and acceptances of such entities. This item is not reported by institutions with less than $300 million in total assets."
"6.","To foreign branches of U.S. banks","lndepfus","Loans to foreign branches of U.S. banks and acceptances of such entities.  This item is not reported by institutions with less than $300 million in total assets."
