"SDI System: Maturity & Repricing for Loans and Leases"
"","Title","Variable","Definition"
"1.","Loans and leases, gross","lnls","Loans and lease financing receivables of the institution, including unearned income.  "
"2.","Three months or less","lnrs3les","Fixed and floating rate closed-end loans secured by first lien on 1-4 family residential properties held in domestic offices with a remaining maturity or next repricing date of three months or less."
"3.","Over three months through twelve months","lnrs3t12","Fixed and floating rate closed-end loans secured by first lien on 1-4 family residential properties held in domestic offices with a remaining maturity or next repricing date of over three months through twelve months."
"4.","Over one year through three years","lnrs1t3","Fixed and floating rate closed-end loans secured by first lien on 1-4 family residential properties held in domestic offices with a remaining maturity or next repricing date of over one year through three years."
"5.","Over three years through five years","lnrs3t5","Fixed and floating rate closed-end loans secured by first lien on 1-4 family residential properties held in domestic offices with a remaining maturity or next repricing date of over three years through five years."
"6.","Over five years through fifteen years","lnrs5t15","Fixed and floating rate closed-end loans secured by first lien on 1-4 family residential properties held in domestic offices with a remaining maturity or repricing frequency of over five years through fifteen years."
"7.","Over fifteen years","lnrsov15","Fixed and floating rate closed-end loans secured by first lien on 1-4 family residential properties held in domestic offices with a remaining maturity or next repricing date of over fifteen years."
"8.","Three months or less","lnot3les","All other loans and leases (other than closed-end loans secured by first lien on 1-4 family residential properties) with a remaining maturity or next repricing date of three months or less. "
"9.","Over three months through twelve months","lnot3t12","All other loans and leases (other than closed-end loans secured by first lien on 1-4 family residential properties) with a remaining maturity or next repricing date of over three months through twelve months."
"10.","Over one year through three years","lnot1t3","All other loans and leases (other than closed-end loans secured by first lien on 1-4 family residential properties) with a remaining maturity or next repricing date of over one year through three years."
"11.","Over three years through five years","lnot3t5","All other loans and leases (other than closed-end loans secured by first lien on 1-4 family residential properties) with a remaining maturity or next repricing date of over three years through five years."
"12.","Over five years through fifteen years","lnot5t15","All other loans and leases (other than closed-end loans secured by first lien on 1-4 family residential properties) with a remaining maturity or next repricing date of over five years through fifteen years."
"13.","Over fifteen years","lnotov15","All other loans and leases (other than closed-end loans secured by first lien on 1-4 family residential properties) with a remaining maturity or next repricing date of over fifteen years."
