"SDI System: Maximum Amount of Credit Exposure Retained"
"","Title","Variable","Definition"
"1.","Maximum Amount of Credit Exposure, Retained Interest 1-4 Family","SZIORES","1-4 Family Residential Loans	Maximum Amount Of Credit Exposure Arising From Recourse	Or Other Seller-Provided Credit Enhancements Provided ToStructures Reported In RC-S, Item 1. In The Form Of:	Retained Interest-Only Strips (Included In The SecuritiesSchedule And/Or Other Assets)- 1-4 Family Residential Loans.	"
"2.","Maximum Amount of Credit Exposure, Retained Interest Home Equity Lines","SZIOHEL","Home Equity Lines	Maximum Amount Of Credit Exposure Arising From Recourse	Or Other Seller-Provided Credit Enhancements Provided ToStructures Reported In RC-S, Item 1. In The Form Of:	Retained Interest-Only Strips (Included In The SecuritiesSchedule And/Or Other Assets)- Home Equity Lines.	"
"3.","Maximum Amount of Credit Exposure, Retained Interest Credit Cards Receivables","SZIOCRCD","Credit Cards Receivables	Maximum Amount Of Credit Exposure Arising From Recourse	Or Other Seller-Provided Credit Enhancements Provided ToStructures Reported In RC-S, Item 1. In The Form Of:	Retained Interest-Only Strips (Included In The SecuritiesSchedule And/Or Other Assets)- Credit Card Receivables.	"
"4.","Maximum Amount of Credit Exposure, Retained Interest  Auto Loans","SZIOAUTO","Auto Loans	Maximum Amount Of Credit Exposure Arising From Recourse	Or Other Seller-Provided Credit Enhancements Provided ToStructures Reported In RC-S, Item 1. In The Form Of:	Retained Interest-Only Strips (Included In The SecuritiesSchedule And/Or Other Assets)- Auto Loans.	"
"5.","Maximum Amount of Credit Exposure, Retained Interest  Other Consumer Loans","SZIOCON","Other Consumer Loans	Maximum Amount Of Credit Exposure Arising From Recourse	Or Other Seller-Provided Credit Enhancements Provided ToStructures Reported In RC-S, Item 1. In The Form Of:	Retained Interest-Only Strips (Included In The SecuritiesSchedule And/Or Other Assets)-Other Consumer Loans.	"
"6.","Maximum Amount of Credit Exposure, Retained Interest  C&I Loans","SZIOCI","Commercial & Industrial Loans	Maximum Amount Of Credit Exposure Arising From Recourse	Or Other Seller-Provided Credit Enhancements Provided ToStructures Reported In RC-S, Item 1. In The Form Of:	Retained Interest-Only Strips (Included In The SecuritiesSchedule And/Or Other Assets)- Commercial And IndustrialLoans.	"
"7.","Maximum Amount of Credit Exposure, Retained Interest  All Other Lns. & All Lease","SZIOOTH","All Other Loans and All LeasesMaximum Amount Of Credit Exposure Arising From Recourse	Or Other Seller-Provided Credit Enhancements Provided ToStructures Reported In RC-S, Item 1. In The Form Of:	Retained Interest-Only Strips (Included In The SecuritiesSchedule And/Or Other Assets)-All Other Loans, Leases and Other Assets.			"
"8.","Maximum Amount of Credit Exposure,Subordinated Sec. 1-4 Family Residential Loans","SZSSCRES","1-4 Family Residential Loans	Maximum Amount Of Credit Exposure Arising From Recourse	Or Other Seller-Provided Credit Enhancements Provided ToStructures Reported In RC-S, Item 1 In The Form Of:	Subordinated Securities And Other Residual Interests -	1-4 Family Residential Loans.	"
"9.","Maximum Amount of Credit Exposure, Subordinated Securities Home Equity Lines","SZSSCHEL","Home Equity Lines	Maximum Amount Of Credit Exposure Arising From Recourse	Or Other Seller-Provided Credit Enhancements Provided ToStructures Reported In RC-S, Item 1 In The Form Of:	Subordinated Securities And Other Residual Interests -	Home Equity Lines.	"
"10.","Maximum Amount of Credit Exposure, Subordinated Securities Credit Cards Rec.","SZSSCCRD","Credit Cards Receivables	Maximum Amount Of Credit Exposure Arising From Recourse	Or Other Seller-Provided Credit Enhancements Provided ToStructures Reported In RC-S, Item 1 In The Form Of:	Subordinated Securities And Other Residual Interests -	Credit Card Receivables.	"
"11.","Maximum Amount of Credit Exposure, Subordinated Securities Auto Loans","SZSSCAUT","Auto Loans	Maximum Amount Of Credit Exposure Arising From Recourse	Or Other Seller-Provided Credit Enhancements Provided ToStructures Reported In RC-S, Item 1 In The Form Of:	Subordinated Securities And Other Residual Interests -	Auto Loans.	"
"12.","Maximum Amount of Credit Exposure, Subordinated  Securities Other Consumer Loans","SZSSCCON","Other Consumer Loans	Maximum Amount Of Credit Exposure Arising From Recourse	Or Other Seller-Provided Credit Enhancements Provided ToStructures Reported In RC-S, Item 1 In The Form Of:	Subordinated Securities And Other Residual Interests -	Other Consumer Loans.	"
"13.","Maximum Amount of Credit Exposure, Subordinated Securities C&I","SZSSCCI","Commercial & Industrial Loans	Maximum Amount Of Credit Exposure Arising From Recourse	Or Other Seller-Provided Credit Enhancements Provided ToStructures Reported In RC-S, Item 1 In The Form Of:	Subordinated Securities And Other Residual Interests -	Commercial And Industrial Loans.	"
"14.","Maximum Amount of Credit Exposure, Subordinated Sec.  All Other Lns. & All Lease","SZSSCOTH","All Other Loans and All LeasesMaximum Amount Of Credit Exposure Arising From Recourse	Or Other Seller-Provided Credit Enhancements Provided ToStructures Reported In RC-S, Item 1 In The Form Of	Subordinated Securities And Other Residual Interests -	Other Loans, All Leases and Other Assets.	"
"15.","Maximum Amount of Credit Exposure, Standby Letters of Credit 1-4 Family Res. Lns","IDSLCRES","1-4 Family Residential Loans, Maximum Amount Of Credit Exposure Arising From Recourse or Other Seller-Provided Credit Enhancements Provided To Structures Reported In RC-S, Item 1 In The Form Of: Standby Letters Of Credit And Other Enhancements - 1-4 Family Residential Loans.	 ris definitions: use szslcres when >=2003 and prior to 20030101 use szlcres. "
"16.","Maximum Amount of Credit Exposure, Standby Letters of Credit Home Equity Lines","IDSLCHEL","Home Equity Lines - Maximum Amount Of Credit Exposure Arising From Recourse or Other Seller-Provided Credit Enhancements Provided To Structures Reported In RC-S, Item 1 In The Form Of:Standby Letters Of Credit And Other Enhancements - Home Equity Lines. ris defintions: use szslchel when >= 2003 and prior to 20030101 use szlchel.	 "
"17.","Maximum Amount of Credit Exposure, Standby Letters of Credit  Credit Cards Rec.","IDSLCCCD","Credit Cards Receivables - Maximum Amount Of Credit Exposure Arising From Recourse or Other Seller-Provided Credit Enhancements Provided To Structures Reported In RC-S, Item 1 In The Form Of:Standby Letters Of Credit and Other Enhancements - Credit Card Receivables. ris definitions: use szslccrd when >= 2003 and prior to 20030101 use szlccrd."
"18.","Maximum Amount of Credit Exposure, Standby Letters of Credit  Auto Loans","IDSLCAUT","Auto Loans - Maximum Amount Of Credit Exposure Arising From Recourse Or Other Seller-Provided Credit Enhancements Provided To Structures Reported In RC-S, Item 1 In The Form Of:Standby Letters Of Credit And Other Enhancements - Auto Loans. ris defintions: use szslcaut when >= 2003 and prior to 20030102 use szlcauto. "
"19.","Maximum Amount of Credit Exposure, Standby Letters of Credit  Other Consumer Lns","IDSLCCON","Other Consumer Loans,Maximum Amount Of Credit Exposure Arising From Recourse Or Other Seller-Provided Credit Enhancements Provided To Structures Reported In RC-S, Item 1 In The Form Of: Standby Letters Of Credit And Other Enhancements - Other Consumer Loans. ris definitions: use szslccon >= 2003 and prior to 2003 use szlccon. "
"20.","Maximum Amount of Credit Exposure, Standby Letters of Credit  C&I Loans","IDSLCCCI","Commercial & Industrial Loans	 Maximum Amount Of Credit Exposure Arising From Recourse	 Or Other Seller-Provided Credit Enhancements Provided To Structures Reported In RC-S, Item 1 In The Form Of:	 Standby Letters Of Credit And Other Enhancements -	 Commercial And Industrial Loans. ris definitions: use szslcci when >= 2003 and prior to 2003 use szlcci. "
"21.","Maximum Amount of Credit Exposure, Standby Letters of Credit All Other Lns. & Ls","IDSLCOTH","All Other Loans and All Leases Maximum Amount Of Credit Exposure Arising From Recourse Or Other Seller-Provided Credit Enhancements Provided To Structures Reported In RC-S, Item 1 In The Form Of: Standby Letters Of Credit And Other Enhancements - Other Loans, All Leases and Other Assets. ris definitions: use szslcoth >= 2003 and prior to 2003 use szlcoth. "
"22.","Maximum Amount of Credit Exposure, Credit Enhancements 1-4 Family Residential Ln","ENCERES","1-4 Family Residential LoansMaximum Amount Of Credit Exposure Arising From CreditEnhancements Provided By The Reporting Bank To OtherStandby Letters Of Credit, Purchase Subordinated Securities, AndOther Enhancements - 1-4 Family Residential Loans."
"23.","Maximum Amount of Credit Exposure, Credit Enhancements Home Equity Lines","ENCEHEL","Home Equity LinesMaximum Amount Of Credit Exposure Arising From CreditEnhancements Provided By The Reporting Bank To OtherStandby Letters Of Credit, Purchase Subordinated Securities, AndOther Enhancements - Home Equity Lines."
"24.","Maximum Amount of Credit Exposure, Credit Enhancements Credit Cards Receivables","ENCECRCD","Credit Cards ReceivablesMaximum Amount Of Credit Exposure Arising From CreditEnhancements Provided By The Reporting Bank To OtherStandby Letters Of Credit, Purchase Subordinated Securities, And Other Enhancements - Credit Card Receivables."
"25.","Maximum Amount of Credit Exposure, Credit Enhancements Auto Loans","ENCEAUTO","Auto LoansMaximum Amount Of Credit Exposure Arising From CreditEnhancements Provided By The Reporting Bank To OtherStandby Letters Of Credit, Purchase Subordinated Securities, And Other Enhancements - Auto Loans."
"26.","Maximum Amount of Credit Exposure, Credit Enhancements Other Consumer Loans","ENCECON","Other Consumer LoansMaximum Amount Of Credit Exposure Arising From CreditEnhancements Provided By The Reporting Bank To OtherStandby Letters Of Credit, Purchase Subordinated Securities, And Other Enhancements - Other Consumer Loans."
"27.","Maximum Amount of Credit Exposure, Credit Enhancements C&I Loans","ENCECI","Commercial & Industrial LoansMaximum Amount Of Credit Exposure Arising From CreditEnhancements Provided By The Reporting Bank To OtherStandby Letters Of Credit, Purchase Subordinated Securities, And Other Enhancements - Commercial And Industrial Loans."
"28.","Maximum Amount of Credit Exposure, Credit Enhancements All Other Lns. &  All Ls.","ENCEOTH","All Other Loans and All LeasesMaximum Amount Of Credit Exposure Arising From CreditEnhancements Provided By The Reporting Bank To OtherStandby Letters Of Credit, Purchase Subordinated Securities, And Other Enhancements - All Other Loans, Other Assets and Leases."
"29.","Maximum Amount of Credit Exposure, Bank Asset Sales 1-4 Family Residential Loans","ASCERES","1-4 Family Residential LoansMaximum Amount Of Credit Exposure Arising From Recourse Or Other Seller-Provided Credit Enhancement For Assets That Were Sold And Not Securitized - 1-4 Family Residential Loans."
"30.","Maximum Amount of Credit Exposure, Bank Asset Sales Home Equity Lines","ASCEHEL","Home Equity LinesMaximum Amount Of Credit Exposure Arising From Recourse Or Other Seller-Provided Credit Enhancement For Assets That Were Sold And Not Securitized - Home Equity Lines."
"31.","Maximum Amount of Credit Exposure, Bank Asset Sales Credit Cards Receivables","ASCECRCD","Credit Cards ReceivablesMaximum Amount Of Credit Exposure Arising From Recourse Or Other Seller-Provided Credit Enhancement For Assets That Were Sold And Not Securitized - Credit Cards Receivables."
"32.","Maximum Amount of Credit Exposure, Bank Asset Sales Auto Loans","ASCEAUTO","Auto LoansMaximum Amount Of Credit Exposure Arising From Recourse Or Other Seller-Provided Credit Enhancement For Assets That Were Sold And Not Securitized - Auto Loans."
"33.","Maximum Amount of Credit Exposure, Bank Asset Sales Other Consumer Loans","ASCECONS","Other Consumer LoansMaximum Amount Of Credit Exposure Arising From Recourse Or Other Seller-Provided Credit Enhancement For Assets That Were Sold And Not Securitized - Other Consumer Loans."
"34.","Maximum Amount of Credit Exposure, Bank Asset Sales C&I Loans","ASCECI","Commercial & Industrial LoansMaximum Amount Of Credit Exposure Arising From Recourse Or Other Seller-Provided Credit Enhancement For Assets That Were Sold And Not Securitized - Commercial And Industrial Loans."
"35.","Maximum Amount of Credit Exposure, Bank Asset Sales All Other Loans & All Leases","ASCEOTH","All Other Loans and All LeasesMaximum Amount Of Credit Exposure Arising From Recourse Or Other Seller-Provided Credit Enhancement For Assets That Were Sold And Not Securitized - All Other Loans, Other Assets and Leases."
