"SDI System: Net charge-offs to loans"
"","Title","Variable","Definition"
"1.","Net charge-offs to loans","ntlnlsr","Gross loan and lease financing receivable charge-offs, less gross recoveries, (annualized) as a percent of <a href='definitions.asp?SystemForm=ID&HelpItem=lnlsgr5'> average total loans and lease financing receivables</a>."
"2.","% Net Loans Charged-off: Total real estate loans","ntrer","Net charged-off loans that are secured by real estate (annualized) as a percent of average total real estate loans."
"3.","% Net Loans Charged-off:Construction & development","ntrecosr","Net charged-off construction and land development loans secured by real estate (annualized) as a percent of average total construction and land development loans secured by real estate."
"4.","% Net Loans Charged-off: Commercial real estate","ntrenrsr","Net charged-off loans secured by nonfarm nonresidential properties (annualized) as a percent of average total loans secured by nonfarm nonresidential properties."
"5.","% Net Loans Charged-off: Multi-family residential ","ntremulr","Net charged-off loans secured by multi-family (5 or more) residential properties (annualized) as a percent of average total loans secured by multi-family residential properties."
"6.","% Net Loans Charged-off: 1-4 family residential","ntreresr","Net charged-off all loans secured by 1-4 family residential properties (annualized) as a percent of average total loans secured by 1-4 family residential properties."
"7.","% Net Loans Charged-off: Home equity loans","ntrelocr","Net charged-off revolving, open-end loans secured by 1-4 family residential properties and extended under lines of credit (annualized) as a percent of average total revolving, open-end loans secured by 1-4 family residential properties and extended under lines of credit."
"8.","All other 1-4 family - Percent of loans charged-off, net","ntreothr","Net charged-off all other loans secured by 1-4 family residential properties in domestic offices asa percent of all other loans secured by 1-4 family residential properties.Note: prior to march 2001, listed as a memorandum item"
"9.","% Net Loans Charged-off: Commercial and industrial","idntcir","Net charged-off commercial and industrial loans (annualized) as a percent of average total commercial and industrial loans. ris definitions: ytd - idntcir = (ntcia/lnci5)* 100 qtr - idntciqr = ((ntciq * 4) / lnci22) * 100 "
"10.","% Net Loans Charged-off: Loans to individuals","idntconr","Net charged-off loans to individuals for household, family and other personal expenditures (annualized) as a percent of average total loans to individuals. ris definitions: ytd - idntconr = (ntcona/lncon5) * 100 qtr - idntcnqr = ((ntconq * 4) / lncon2) * 100 "
"11.","% Net Loans Charged-off: Credit card loans","idntcrdr","Net charged-off credit card loans to individuals (annualized) as a percent of average total credit card and related plan loans. note: prior to 2001, included revolving credit plans other than credit cards. ris definitions: ytd - IDNTCRDR = (NTCRCDA/LNCRCD5) * 100 QTR - IDNTCDQR = ((NTCRCDQ * 4) / LNCRCD2) * 100"
"12.","% Net Loans Charged-off: Other loans to individual","idntcoor","Net charged-off other loans to individuals for automobiles, household, family and other personal expenditures (annualized) as a percent of average total other loans to individuals. ris definitions: ytd - idntcoor = (( ntconota+ntautoa) / (lnconot5+lnauto5)) * 100 qtr - idntcoqr = ((ntconotq + ntautoq)*4 / (lnconot2 + lnauto2))* 100"
"13.","% Net Loans Charged-off: Automobile loans","idntator","Net charged-off other loans to individuals for automobiles (annualized) as a percent of average automobile loans to individuals, which include all loans arising from retail sales of passenger cars and other vehicles such as minivans, vans, sport-utility vehicles, pickup trucks, and similar light trucks for personal use charged-off and recovered.  Available as of March 2011.<br><br>RIS Definitions:<br>YTD - IDNTATOR =  (NTAUTOA / LNAUTO5) * 100 <br> QTR - NTAUTOQR "
"14.","% Net Loans Charged-off: Other Consumer Loans","idntcotr","Net charged off other loans to individuals for the consumar loans(annualized)as percent of average consumer loans to individuals, which include all other extenstions of credit to individuals for household, familt and other personnel expenditures charged-off and recovered. Include automobile loans before 2011.<br><br>RIS Definitions:<br>YTD � IDNTCOTR =  (NTCONOTA / LNCONOT5) * 100 QTR - NTCONTQR "
"15.","% Net Loans Charged-off: All other loans and lease","idntothr","Net charged-off loans to depository institutions and acceptances of other banks, loans to foreign governments and official institutions, lease financing receivables, loans to finance agricultural production and all other loans (annualized) as a percent of average total other loans and leases. ris definitions: ytd - idntothr = ((((ntdep + ntforgv + ntother + ntls) * idann) + ntaga) / (lnotci5 + lnag5)) * 100 qtr - idntotqr = (((ntdepq + ntforgvq + ntothq + ntlsq + ntagq) * 4) / (lnotci2 + lnag22)) * 100"
"16.","% Net Loans Charged-off:Coml. RE not secured by RE","ntcomrer","Net charged-off commercial real estate loans not secured by real estate (annualized) as a percent of average total commercial real estate loans not secured by real estate."
