"SDI System: Nonaccrual 1-4 Family Residential"
"","Title","Variable","Definition"
"1.","Secured by 1-4 family residential properties in nonaccrual status","nareres","Total loans secured by 1-4 family residential properties that are no longer accruing interest held in domestic offices of the institution."
"2.","Nonaccrual loans secured  by 1-4 Family first liens","NARERSFM","Closed-end loans secured by first liens on 1-4 family residential properties that are held in domestic office and are past due and no longer accruing interest."
"3.","Nonaccrual loans secured  by 1-4 Family junior liens","NARERSF2","Closed-end loans secured by junior liens on 1-4 family residential properties that are held in domestic office and are past due and no longer accruing interest."
"4.","Nonaccrual home equity lines of credit","nareloc","Total revolving, open-end loans secured by 1-4 family residential properties and extended under lines of credit which are no longer accruing interest held in domestic offices of the institution."
