"SDI System: Nontransaction Accounts"
"","Title","Variable","Definition"
"1.","Nontransaction accounts","ntr","The sum of the following accounts held in domestic offices: money market deposit accounts (MMDAs), other savings deposits and all time deposits. prior to 2004, this item is not available for tfr reporters."
"2.","Individuals, partnerships, and corporations","ntripc","Total nontransaction accounts of individuals, partnerships and corporations (including certified and official checks) held in domestic offices. This item is not available for TFR Reporters with assets less than $300 million and risk-based capital ratios in excess of 12 percent."
"3.","U.S. Government","ntrusgov","Total nontransaction accounts of federal public funds made by or for the account of the U.S. government which are held in domestic offices."
"4.","States and political subdivisions in the U.S.","ntrmuni","Total nontransaction accounts of states, counties, municipalities, and local housing authorities (or political subdivisions) held in domestic offices.  Included are deposits of funds advanced to states and political subdivisions by the U.S. government and corporations, and deposits of withheld income taxes of states and political subdivisions. "
"5.","Commercial banks and other depository institutions in the U.S.","ntrcomot","Nontransaction accounts of commercial banks and other depository institutions in the U.S. held in domestic offices."
"6.","Foreign deposits","ntrfcfg","Total nontransaction accounts of banks in foreign countries, foreign government and official institutions (includes foreign central banks) held in domestic offices."
"7.","Banks in foreign countries","ntrfc","Total nontransaction accounts of banks in foreign countries held in domestic offices.  This item is not reported by institutions with less than $100 million in total assets."
"8.","Foreign governments and official institutions","ntrfg","Total nontransaction accounts of foreign governments and official institutions (includes foreign central banks) held in domestic offices. This item is not reported by institutions with less than $100 million in total assets."
