"SDI System: Past Due 90+ Days 1-4 Family Residential"
"","Title","Variable","Definition"
"1.","Secured by 1-4 family residential properties, past due 90+ days","p9reres","Total loans secured by 1-4 family residential properties past due 90 or more days and still accruing interest which are held in domestic offices of the institution."
"2.","Past due 90+ days secured  by 1-4 Family first liens ","P9RERSFM","Closed-end loans secured by first liens on 1-4 family residential properties that are held in domestic office and are 90 days or more past due and still accruing interest."
"3.","Past due 90+ days secured  by 1-4 Family junior liens","P9RERSF2","Closed-end loans secured by junior liens on 1-4 family residential properties that are held in domestic office and are 90 days or more past due and still accruing interest."
"4.","Past due 90+ days  home equity lines of credit","p9reloc","Total revolving, open-end loans secured by 1-4 family residential properties and extended under lines of credit past due 90 or more days and still accruing interest which are held in domestic offices of the institution."
