"SDI System: Past Due 30-89 Days 1-4 Family Residential"
"","Title","Variable","Definition"
"1.","Secured by 1-4 family residential properties, past due 30  -  89 days","p3reres","Total loans secured by 1-4 family residential properties past due 30 through 89 days and still accruing interest which are held in domestic offices of the institution."
"2.","Past due 30-89 days secured  by 1-4 Family first liens","P3RERSFM","Closed-end loans secured by first liens on 1-4 family residential properties that are held in domestic office and are 30-89 days past due and still accruing interest."
"3.","Past due 30-89 days secured  by 1-4 Family junior liens","P3RERSF2","Closed-end loans secured by junior liens on 1-4 family residential properties that are held in domestic office and are 30-89 days past due and still accruing interest."
"4.","Past due 30-89 days home equity lines of credit","p3reloc","Total revolving, open-end loans secured by 1-4 family residential properties and extended under lines of credit past due 30 through 89 days and still accruing interest which are held in domestic offices of the institution."
