"SDI System: Past Due and Nonaccrual Assets"
"","Title","Variable","Definition"
"1.","Assets past due 30-89 days","p3asset","Total assets past due 30 through 89 days and still accruing interest.  Total assets include real estate loans, installment loans, credit cards and related plan loans, commercial, and all other loans, lease financing receivables, debt securities and other assets.  Note: The FFIEC considers 30 through 89 day past due data on an institution level confidential."
"2.","Loans secured by real estate, total past due 30  -  89 days","p3re","Total loans secured by real estate past due 30 through 89 days and still accruing interest."
"3.","To non-U.S. addressees, past due 30  -  89 days","p3renus","Total loans secured by real estate (to non-U.S. addressees) past due 30 through 89 days and still accruing interest."
"4.","Real estate loans in domestic offices, past due 30  -  89 days","IDP3REDM","Total loans in domestic offices of the institution that are secured by real estate and are past due 30 through 89 days and still accruing interest.<BR><BR>RIS definition: IDP3REDM = SUM(P3RECONS, P3REAG, P3RERES, P3REMULT, P3RENRES)"
"5.","Construction and land development, past due 30  -  89 days","p3recons","Total construction and land development loans secured by real estate past due 30 through 89 days and still accruing interest which are held in domestic offices of the institution."
"6.","1-4 family residential construction loans past due 30 through 89 days","P3recnfm","1-4 family residential construction loans secured by real estate past due 30 through 89 days and still interest held in domestic offices note: not reported by tfr filers "
"7.","Other construction all land development and other land loans past due 30-89 days","p3recnot","Other construction and all land development and other land loans secured by real estate past due 30 through 89 days and still accruing interest in domestic offices note: 1) not reported by tfr filers 2) data back to 2007 "
"8.","Secured by farmland, past due 30  -  89 days","p3reag","Total farmland loans secured by real estate past due 30 through 89 days and still accruing interest which are held in domestic offices of the institution.  This item is not available for TFR Reporters."
"9.","Secured by 1-4 family residential properties, past due 30  -  89 days","p3reres","Total loans secured by 1-4 family residential properties past due 30 through 89 days and still accruing interest which are held in domestic offices of the institution."
"10.","Secured by multifamily residential properties, past due 30  -  89 days","p3remult","Total multifamily (5 dwelling units or more) loans secured by real estate past due 30 through 89 days and still accruing interest which are held in domestic offices of the institution."
"11.","Secured by nonfarm nonresidential properties, past due 30  -  89 days","p3renres","Total nonfarm, nonresidential loans secured by real estate past due 30 through 89 days and still accruing interest which are held in domestic offices of the institution."
"12.","Secured by owner-occupied nonfarm nonresidential properties, past due 30-89 days","P3RENROW","Loans secured by owner-occupied nonfarm nonresidential properties that are past due 30-89 days, held in domestic offices. (Data available as of March 2007)This item was not available for TFR Reporters."
"13.","Secured by other nonfarm nonresidential properties, past due 30-89 days","P3RENROT","Loans secured by other nonfarm nonresidential properties that are past due 30-89 days, held in domestic offices Data available as of March 2007. This item was not available for TFR Reporters."
"14.","Real estate loans in foreign offices, past due 30  -  89 days","p3refor","Total loans in foreign offices of the institution that are secured by real estate and are past due 30 - 89 days and still accruing interest."
"15.","Loans to depository institutions, past due 30 - 89 days","p3dep","Total loans to depository institutions and acceptances of other banks past due 30 through 89 days and still accruing interest.  This item is not available for TFR Reporters."
"16.","Loans to foreign banks, past due 30 - 89 days","p3depnus","Total loans to foreign depository institutions and acceptances of other foreign banks past due 30 through 89 days and still accruing interest."
"17.","Loans to finance agricultural production and other loans to farmers, past due 30","p3ag","Total loans to finance agricultural production and other loans to farmers past due 30 through 89 days and still accruing interest.  This item is not available for TFR Reporters."
"18.","Commercial and industrial loans, past due 30 - 89 days","p3ci","Total commercial and industrial loans past due 30 through 89 days and still accruing interest, which are held in domestic offices of the institution.  Institutions with assets of less than $300 million include all other loans in this item."
"19.","To non-U.S. addressees, past due 30 - 89 days","p3cinus","Total construction and land development loans secured by real estate (with non-U.S. addressees) past due 30 through 89 days and still accruing interest."
"20.","Loans to individuals, past due 30 - 89 days","p3con","Total loans to individuals for household, family, and other personal expenditures past due 30 through 89 days and still accruing interest."
"21.","Credit cards and related plans, past due 30 - 89 days","p3crcd","Total credit card loans to individuals past due 30 through 89 days and still accruing interest. Prior to 2001, included revolving credit plans other than credit cards."
"22.","30-89 Days P/D Auto Loans","P3AUTO","Automobile loans to individuals for household, family and other personal expenditures past due 30 through 89 days and still accruing interest. available as of march 2011 "
"23.","30-89 Days P/D-Other Consumer","P3CONOTH","Other loans to individuals for household, family and other personal expenditures past due 30 through 89 days and still accruing interest on a consolidated basis (excludes credit cards). Note: This information on an institution level is considered confidential by the FFIEC. beginning march 2001, includes revolving credit plans other than credit cards. beginning march 2011, excludes automobile loans. "
"24.","Loans to foreign governments and official institutions,  past due 30 - 89 days","p3fg","Total loans to foreign governments and official institutions past due 30 through 89 days and still accruing interest.  This item is not available for TFR Reporters."
"25.","Other loans, past due 30 - 89 days","p3othln","All other loans past due 30 through 89 days and still accruing interest.  For institutions with assets of less than $300 million, all other loans are included in commercial loans.   This item is not available for TFR Reporters."
"26.","Lease financing receivables, past due 30 - 89 days","p3ls","Total lease financing receivables past due 30 through 89 days and still accruing interest.  This item is not available for TFR Reporters."
"27.","Debt securities and other assets, past due 30 - 89 days","p3scdebt","Total debt securities and other assets (excludes other real estate owned and other repossessed assets) past due 30 through 89 days and still accruing interest.  This item is not available for TFR Reporters."
"28.","Loans for agricultural prod  and oth loans to farmers(small), past due 30-89days","p3agsm","Total loans to finance agricultural production and other loans to farmers past due 30 through 89 days and still accruing interest.  Institutions with assets less than $300 million report this item only if their agricultural production loans exceed 5 percent of total loans.  This item is not available for TFR Reporters."
"29.","Loans held for sale past due 30-89 days","P3LNSALE","Loans and leases held for sale that are 30-89 days past due and still accruing interest. "
"30.","Loans and leases 30-89 past due, U.S. Government wholly or partially guaranteed","P3GTYPAR","Loans and leases for which repayment of principal is wholly or partially guaranteed or insured by the U.S. Government, including its agencies and its government-sponsored agencies that are past due 30 to 89 days and are still accruing interest on a consolidated basis. Examples include loans guaranteed by the Small Business Administration, and the Federal Housing Administration. Excluded are loans and leases guaranteed or insured by state or local governments, state or local government agencies, foreign (non-U.S.) governments, and private agencies or organizations. Also excluded are loans and leases collateralized by securities issued by the U.S. Government, including its agencies and its government-sponsored agencies. Included in total loans and leases past due 30-89 days or more and are still accruing interest. FRB MDRM numbers: RFCD5612 or RCON5612 important note: prior to march 2011, included loans and leases covered by fdic loss-sharing agreements. "
"31.","30-89 D P/D Total Loans- FDIC Loss Sharing","P3LTOT","Total loans past due 30-89 days and still accruing interest that are covered by FDIC loss-sharing agreements. .<br><br> Available as of March 2011 and also as of March 2011 no longer included in Loans Wholly or Partially US Government Guaranteed."
"32.","Assets past due 90 or more days","p9asset","Total assets past due 90 or more days and still accruing interest.  Total assets include real estate loans, installment loans, credit cards and related plan loans, commercial loans and all other loans, lease financing receivables, debt securities and other assets.  "
"33.","Loans secured by real estate, total past due 90+ days","p9re","Total loans secured by real estate past due 90 or more days and still accruing interest."
"34.","Loans to non-U.S. addressees, past due 90+ days","p9renus","Total loans secured by real estate (to non-U.S. addressees) past due 90 or more days and still accruing interest."
"35.","Real estate loans in domestic offices, past due 90+ days","IDP9REDM","Total loans in domestic offices of the institution that are secured by real estate and are past due more than 90 days and still accruing interest.<BR><BR>RIS definition: IDP9REDM = SUM(P9RECONS, P9REAG, P9RERES, P9REMULT, P9RENRES)"
"36.","Construction and land development, past due 90+ days","p9recons","Total construction and land development loans secured by real estate past due 90 or more days and still accruing interest which are held in domestic offices of the institution."
"37.","1-4 family residential construction loans past due 90 days or more","P9recnfm","1-4 family residential construction loans secured by real estate past due 90 days or more and still interest held in domestic offices note: not reported by tfr filers "
"38.","Other construction, all land development and other land loans past due 90+ days","p9recnot","Other construction and all land development and other land loans secured by real estate past due 90 or more days and still accruing interest in domestic offices note: 1) not reported by tfr filers 2) data begins in 2007 "
"39.","Loans secured by farmland, past due 90+ days","p9reag","Total farmland loans secured by real estate past due 90 or more days and still accruing interest which are held in domestic offices of the institution.  This item is not available for TFR Reporters."
"40.","Secured by 1-4 family residential properties, past due 90+ days","p9reres","Total loans secured by 1-4 family residential properties past due 90 or more days and still accruing interest which are held in domestic offices of the institution."
"41.","Secured by multifamily residential properties, past due 90+ days","p9remult","Total multifamily (5 dwelling units or more) loans secured by real estate past due 90 or more days and still accruing interest which are held in domestic offices of the institution."
"42.","Loans secured by nonfarm nonresidential properties, past due 90+ days","p9renres","Total nonfarm, nonresidential loans secured by real estate past due 90 or more days and still accruing interest which are held in domestic offices of the institution."
"43.","Secured by owner-occupied nonfarm nonresidential properties, past due 90+ days","P9RENROW","Loans secured by owner-occupied nonfarm nonresidential properties that are past due 90+ days, held in domestic offices. Data available as of March 2007. This item was not available for TFR Reporters."
"44.","Secured by other nonfarm nonresidential properties, past due 90+ days","P9RENROT","Loans secured by other nonfarm nonresidential properties that are past due 90+ days, held in domestic offices. Data available as of March 2007.This item was not available for TFR Reporters."
"45.","Real estate loans in foreign offices, past due 90+ days","p9refor","Total loans in foreign offices of the institution that are secured by real estate and are past due 90 or more days and still accruing interest."
"46.","Loans to depository institutions, past due 90+ days","p9dep","Total loans to depository institutions and acceptances of other banks past due 90 or more days and still accruing interest.  This item is not available for TFR Reporters."
"47.","Loans to foreign banks, past due 90+ days","p9depnus","Total loans to foreign depository institutions and acceptances of other foreign banks past due 90 or more days and still accruing interest."
"48.","Loans to finance agricultural and other loans to farmers, past due 90+ days","p9ag","Total loans to finance agricultural production and other loans to farmers past due 90 or more days and still accruing interest.  This item is not available for TFR Reporters."
"49.","Commercial and industrial loans, past due 90+ days","p9ci","Total commercial and industrial loans past due 90 or more days and still accruing interest which are held in domestic offices of the institution.  Institutions with assets of less than $300 million include all other loans in this item."
"50.","To non-U.S. addressees, past due 90+ days","p9cinus","Total construction and land development loans secured by real estate (with non-U.S. addressees) past due 90 or more days and still accruing interest."
"51.","Loans to individuals, past due 90+ days","p9con","Total loans to individuals for household, family, and other personal expenditures past due 90 or more days and still accruing interest."
"52.","Credit cards and related plans, past due 90+ days","p9crcd","Total credit card loans to individuals past due 90 or more days and still accruing interest. Prior to 2001, included revolving credit plans other than credit cards."
"53.","90+ Days P/D Auto Loans","P9AUTO","Automobile loans to individuals for household, family and other personal expenditures past due 90 days or more and still accruing interest. available as of march 2011"
"54.","90+ Days P/D-Other Consumer","P9CONOTH","Other loans to individuals for household, family and other personal expenditures past due 90 or more days and still accruing interest on a consolidated basis. beginning march 2001, includes revolving credit plans other than credit cards. beginning march 2011, excludes automobile loans. "
"55.","Loans to foreign governments and official institutions, past due 90+ days","p9fg","Total loans to foreign governments and official institutions past due 90 or more days and still accruing interest.  This item is not available for TFR Reporters."
"56.","Other loans, past due 90+ days","p9othln","All other loans past due 90 or more days and still accruing interest.  For institutions with assets of less than $300 million, other loans are included in commercial loans.  This item is not available for TFR Reporters."
"57.","Lease financing receivables, past due 90+ days","p9ls","Total lease financing receivables past due 90 or more days and still accruing interest.  This item is not available for TFR Reporters."
"58.","Debt securities and other assets, past due 90+ days","p9scdebt","Total debt securities and other assets (excludes other real estate owned and other repossessed assets) past due 90 or more days and still accruing interest.  This item is not available for TFR Reporters."
"59.","Loans for agriculture  and other loans to farmers(small), past due 90+ days","p9agsm","Total loans to finance agricultural production and other loans to farmers past due 90 or more days and still accruing interest.   This item is not available for TFR Reporters."
"60.","Loans held for sale, past due 90 or more days","P9LNSALE","Loans and leases held for sale that are 90 days or more past due and still accruing interest."
"61.","Loans and leases, wholly or partially guaranteed by the U.S. Government-90+PD","P9GTYPAR","Loans and leases  for which repayment of principal is wholly or partially guaranteed or insured by the U.S. Government, including its agencies and its government-sponsored agencies, that are past due 90 days or more and are still accruing interest on a consolidated basis. Examples include loans guaranteed by the Small Business Administration, and the Federal Housing Administration. Excluded are loans and leases guaranteed or insured by state or local governments, state or local government agencies, foreign (non-U.S.) governments, and private agencies or organizations. Also excluded are loans and leases collateralized by securities issued by the U.S. Government, including its agencies and its government-sponsored agencies. Listed here as memoranda only and is included in total loans and leases past due 90+ days or more and still accruing interest. FRB Number:  RFCD5613 RCON5613 <br><br> Note: As of March 2011, no longer includes loans and leases covered by FDIC loss-sharing agreements."
"62.","90+ D P/D Total Loans � FDIC Loss Sharing","P9LTOT","Total loans past due 90 days or more and still accruing interest that are covered by FDIC loss-sharing agreements.<br><br>Available as of March 2011 and also as of March 2011 no longer included in Loans Wholly or Partially US Government Guaranteed."
"63.","Assets in nonaccrual status","naasset","Total assets, which are no longer accruing interest. Total assets include real estate loans, installment loans, credit cards and related loans, commercial and all other loans, lease financing receivables, debt securities and other assets."
"64.","Loans secured by real estate, total in nonaccrual status","nare","Total loans secured by real estate which are no longer accruing interest."
"65.","Laons to non-U.S. addressees, in nonaccrual status","narenus","Total loans secured by real estate (to non-U.S. addressees) which are no longer accruing interest."
"66.","Real estate loans in domestic offices in nonaccrual status","IDNAREDM","Total loans in domestic offices of the institution that are secured by real estate and are no longer accruing interest.<BR><BR>RIS definition: IDNAREDM = SUM(NARECONS, NAREAG, NARERES, NAREMULT, NARENRES)"
"67.","Construction and land development in nonaccrual status","narecons","Total construction and land development loans secured by real estate which are no longer accruing interest held in domestic offices of the institution."
"68.","Nonaccrual 1-4 family residential construction loans","narecnfm","Nonaccrual 1-4 family residential construction loans secured by real estate held in domestic offices note: not reported by tfr filers "
"69.","Nonaccrual other construction, all land development and other land loans","narecnot","Nonaccrual other construction and all land development and other land loans secured by real estate in domestic offices note: 1) not reported by tfr filers 2) data begins in 2007 "
"70.","Loans secured by farmland in nonaccrual status","nareag","Total farmland loans secured by real estate which are no longer accruing interest held in domestic offices of the institution.  This item is not available for TFR Reporters."
"71.","Secured by 1-4 family residential properties in nonaccrual status","nareres","Total loans secured by 1-4 family residential properties that are no longer accruing interest held in domestic offices of the institution."
"72.","Secured by multifamily residential properties in nonaccrual status","naremult","Total multifamily (5 dwelling units or more) loans secured by real estate which are no longer accruing interest held in domestic offices of the institution."
"73.","Loans secured by nonfarm nonresidential properties in nonaccrual status","narenres","Total nonfarm, nonresidential loans secured by real estate which are no longer accruing interest held in domestic offices of the institution."
"74.","Loans secured by owner-occupied nonfarm nonresidential properties, in nonaccrual","NARENROW","Loans secured by owner-occupied nonfarm nonresidential properties that are no longer accruing interest, held in domestic offices. Data available as of March 2007.This item was not available for TFR Reporters."
"75.","Loans secured by other nonfarm nonresidential properties, in nonaccrual status","NARENROT","Loans secured by other nonfarm nonresidential properties that are no longer accruing interest, held in domestic offices. Data available as of March 2007.This item was not available for TFR Reporters."
"76.","Real estate loans in foreign offices in nonaccrual status","narefor","Total loans in foreign offices of the institution that are secured by real estate and are no longer accruing interest."
"77.","Loans to depository institutions in nonaccrual status","nadep","Total loans to depository institutions and acceptances of other banks, which are no longer accruing interest.  This item is not available for TFR Reporters."
"78.","Loans to foreign banks in nonaccrual status","nadepnus","Total loans to foreign depository institutions and acceptances of other foreign banks that are in nonaccrual status and no longer accruing interest."
"79.","Loans for agriculture and other loans to farmers in nonaccrual status","naag","Total loans to finance agricultural production and other loans to farmers that are no longer accruing interest.  This item is not available for TFR Reporters."
"80.","Commercial and industrial loans in nonaccrual status","naci","Total commercial and industrial loans that in nonaccrual status and are no longer accruing interest.  Institutions with assets of less than $300 million include all other loans in this item."
"81.","Loans to non-U.S. addressees in nonaccrual status","nacinus","Total construction and land development loans secured by real estate (with non-U.S. addressees) which are no longer accruing interest."
"82.","Loans to individuals in nonaccrual status","nacon","Total loans to individuals for household, family, and other personal expenditures that in nonaccrual status and are no longer accruing interest."
"83.","Credit cards and related plans in nonaccrual status","nacrcd","Total credit cards loans to individuals that are in nonaccrual status and no longer accruing interest. Prior to 2001, included revolving credit plans other than credit cards."
"84.","Nonaccrual Auto Loans","NAAUTO","Nonaccrual automobile loans to individuals for household, family and other personal expenditures. br> available as of march 2011 "
"85.","Nonaccrual-Other Consumer","NACONOTH","Nonaccrual other loans to individuals for household, family and other personal expenditures on a consolidated basis. beginning march 2001, includes revolving credit plans other than credit cards. beginning march 2011, excludes automobile loans. "
"86.","Loans to foreign governments and official institutions in nonaccrual status","nafg","Total loans to foreign governments and official institutions that are no longer accruing interest.   This item is not available for TFR Reporters."
"87.","Other loans in nonaccrual status","naothln","All other loans that are no longer accruing interest.  This item is not available for TFR Reporters."
"88.","Lease financing receivables in nonaccrual status","nals","Total lease financing receivables that are no longer accruing interest.  This item is not available for TFR Reporters."
"89.","Debt securities and other assets in nonaccrual status","nascdebt","Total debt securities and other assets (excludes other real estate owned and other repossessed assets) which are no longer accruing interest.  This item is not available for TFR Reporters."
"90.","Loans to finance agriculture and oth loans to farmers (sml) in nonaccrual status","naagsm","Total loans to finance agricultural production and other loans to farmers that are no longer accruing interest.  This item is not available for TFR Reporters."
"91.","Nonaccrual Loans held for sale in nonaccrual status","NALNSALE","Loans and leases held for sale that are past due and no longer accruing interest."
"92.","Guaranteed portion of nonaccrual loans and leases, excluding GNMA loans","NAGTYPAR","Loans and leases  for which repayment of principal is wholly or partially guaranteed or insured by the U.S. Government, including its agencies and its government-sponsored agencies, that are in nonaccrual status a consolidated basis. Examples include loans guaranteed by the Small Business Administration, and the Federal Housing Administration. Excludes loans and leases guaranteed or insured by state or local governments, state or local government agencies, foreign (non-U.S.) governments, and private agencies or organizations. Also excluded are loans and leases collateralized by securities issued by the U.S. Government, including its agencies and its government-sponsored agencies. Note: Included in nonaccrual total assets. FRB Number:  RFCD5614 RCON5614<br><br>Note: Prior to March 2011, included loans and leases covered by FDIC loss-sharing agreements. "
"93.","Total Nonaccrual Loans � FDIC Loss Sharing","NALTOT","Total nonaccrual loans that are covered by FDIC loss-sharing agreements. available as of march 2011 "
