"SDI System: Small Business Loans"
"","Title","Variable","Definition"
"1.","$ amt. loans sec. by nonfarm nonres. props. - orig. amts. of $1M or less","Lnrenr4","Amount of currently outstanding loans secured by nonfarm nonresidential properties with original amounts less than $1,000,000 held in domestic offices. note: (1) institutions report only those loans having original amounts of less than $1,000,000 (large institutions might have these types of loans but not within this size range) (2) For institutions filing only the total number of the aforementioned loans with original amounts of less than $100,000, it was assumed that the total amount of these loans have original amounts of less than $100,000 (3) Available on a quarterly basis as of 2010. Prior to 2010, reported as of June 30th only. "
"2.","$ amt. loans sec. by nonfarm nonres. props. - orig. amts. of $100K or less","Lnrenr1","Amount of currently outstanding loans secured by nonfarm nonresidential properties with original amounts of $100,000 or less held in domestic offices. note: (1) institutions report only those loans having original amounts of less than $1,000,000 (large institutions might have these types of loans but not within this size range) (2) For institutions filing only the total number of the aforementioned loans with original amounts of less than $100,000, it was assumed that the total amount of these loans have original amounts of less than $100,000 (3) Available on a quarterly basis as of 2010. Prior to 2010, reported as of June 30th only. "
"3.","$ amt. loans sec. by nonfarm nonres. props. - orig. amts. $100K- $250K","Lnrenr2","Amount of currently outstanding loans secured by nonfarm nonresidential properties with original amounts of more than $100,000 through $250,000 held in domestic offices. note: (1) institutions report only those loans having original amounts of less than $1,000,000 (large institutions might have these types of loans but not within this size range) (2) Available on a quarterly basis as of 2010. Prior to 2010, reported as of June 30th only. "
"4.","$ amt. loans sec. by nonfarm nonres. props. - orig. amts. $250K - $1M","Lnrenr3","Amount of currently outstanding loans secured by nonfarm nonresidential properties with original amounts between $250,000 and $1,000,000 held in domestic offices. note: (1) institutions report only those loans having original amounts of less than $1,000,000 (large institutions might have these types of loans but not within this size range) (2) Available on a quarterly basis as of 2010. Prior to 2010, reported as of June 30th only. "
"5.","$ amt. C&I loans to U.S. addressees - orig. amts.  of $1M or less","Lnci4","Amount of currently outstanding commercial and industrial loans less than $1,000,000 held in domestic offices. note: (1) institutions report only those loans having original amounts of less than $1,000,000 (large institutions might have these types of loans but not within this size range) (2) For institutions filing only the total number of aforementioned loans with original amounts of less than $100,000, it is assumed that the total amount of these loans have original amounts of less than $100,000 (3) Available on a quarterly basis as of 2010. Prior to 2010, reported as of June 30th only. "
"6.","$ amt. C&I loans to U.S. addressees - orig. amts. of $100K or less","Lnci1","Amount of currently outstanding commercial and industrial loans with original amounts of $100,000 or less held in domestic offices. note: (1) institutions report only those loans having original amounts of less than $1,000,000 (large institutions might have these types of loans but not within this size range) (2) For institutions filing only the total number of aforementioned loans with original amounts of less than $100,000, it is assumed that the total amount of these loans have original amounts of less than $100,000 (3) Available on a quarterly basis as of 2010. Prior to 2010, reported as of June 30th only. "
"7.","$ amt. C&I loans to U.S. addressees - orig. amts. $100K - $250K","Lnci2","Amount of currently outstanding commercial and industrial loans with original amounts between $100,000 and $250,000 held in domestic offices. note: (1) institutions report only those loans having original amounts of less than $1,000,000 (large institutions might have these types of loans but not within this size range) (2) Available on a quarterly basis as of 2010. Prior to 2010, reported as of June 30th only. "
"8.","$ amt. C&I loans to U.S. addressees - orig. amts. $250K - $1M","Lnci3","Amount of currently outstanding commercial and industrial loans with original amounts $250,000 and $1,000,000 held in domestic offices. note: (1) institutions report only those loans having original amounts of less than $1,000,000 (large institutions might have these types of loans but not within this size range) (2) Available on a quarterly basis as of 2010. Prior to 2010, reported as of June 30th only. "
"9.","$ amt. loans sec. by farmland  -  orig. amts. of $500K or less","Lnreag4","Amount of currently outstanding loans secured by farmland (including farm residential and other improvements) with original amounts less than $500,000 held in domestic offices. note: (1) institutions report only those loans having original amounts of less than $500,000 (large institutions might have these types of loans but not within this size range) (2) For institutions filing only the total number of the aforementioned loans with original amounts of less than $100,000, it was assumed that the total amount of these loans have original amounts of less than $100,000 (3) Available on a quarterly basis as of 2010. Prior to 2010, reported as of June 30th only. "
"10.","$ amt. loans sec. by farmland  -  orig. amts. of $100K or less","Lnreag1","Amount of currently outstanding loans secured by farmland (including farm residential and other improvements) with original amounts of $100,000 or less held in domestic offices. note: (1) institutions report only those loans having original amounts of less than $500,000 (large institutions might have these types of loans but not within this size range) (2) For institutions filing only the total number of the aforementioned loans with original amounts of less than $100,000, it was assumed that the total amount of these loans have original amounts of less than $100,000 (3) Available on a quarterly basis as of 2010. Prior to 2010, reported as of June 30th only. "
"11.","$ amt. loans sec. by farmland  -  orig. amts. $100K - $250K","Lnreag2","Amount of currently outstanding loans secured by farmland (including farm residential and other improvements) with original amounts between $100,000 and $250,000 held in domestic offices. note: (1) institutions report only those loans having original amounts of less than $500,000 (large institutions might have these types of loans but not within this size range) (2) Available on a quarterly basis as of 2010. Prior to 2010, reported as of June 30th only. "
"12.","$ amt. loans sec. by farmland  -  orig. amts. $250K - $500K","Lnreag3","Amount of currently outstanding loans secured by farmland (including farm residential and other improvements) with original amounts between $250,000 and $500,000 held in domestic offices. note: (1) institutions report only those loans having original amounts of less than $500,000 (large institutions might have these types of loans but not within this size range) (2) Available on a quarterly basis as of 2010. Prior to 2010, reported as of June 30th only. "
"13.","$ amt. loans to finance agricultural prod. - orig. amts. of $500K or less","Lnag4","Amount of currently outstanding loans to finance agricultural production and other loans to farmers with original amounts less than $500,000 held in domestic offices. note: (1) institutions report only those loans having original amounts of less than $500,000 (large institutions might have these types of loans but not within this size range) (2) For institutions filing only the total number of the aforementioned loans with original amounts of less than $100,000, it was assumed that the total amount of these loans have original amounts of less than $100,000 (3) Available on a quarterly basis as of 2010. Prior to 2010, reported as of June 30th only. "
"14.","$ amt. loans to finance agricultural prod. - orig. amts. of $100K or less","Lnag1","Amount of currently outstanding loans to finance agricultural production and other loans to farmers with original amounts of $100,000 or less held in domestic offices. note: (1) institutions report only those loans having original amounts of less than $500,000 (large institutions might have these types of loans but not within this size range) (2) For institutions filing only the total number of the aforementioned loans with original amounts of less than $100,000, it was assumed that the total amount of these loans have original amounts of less than $100,000 (3) Available on a quarterly basis as of 2010. Prior to 2010, reported as of June 30th only. "
"15.","$ amt. loans to finance agricultural prod. - orig. amts. $100K - $250K","Lnag2","Amount of currently outstanding loans to finance agricultural production and other loans to farmers with original amounts between $100,000 and $250,000 held in domestic offices. note: (1) institutions report only those loans having original amounts of less than $500,000 (large institutions might have these types of loans but not within this size range) (2) Available on a quarterly basis as of 2010. Prior to 2010, reported as of June 30th only. "
"16.","$ amt. loans to finance agricultural prod. - orig. amts. $250K - $500K","Lnag3","Amount of currently outstanding loans to finance agricultural production and other loans to farmers with original amounts between $250,000 and $500,000 held in domestic offices. note: (1) institutions report only those loans having original amounts of less than $500,000 (large institutions might have these types of loans but not within this size range) (2) Available on a quarterly basis as of 2010. Prior to 2010, reported as of June 30th only. "
"17.","# of loans sec. by nonfarm nonres. props. - orig. amts. of $1M or less","Lnrenr4N","Number of individual loans secured by nonfarm nonresidential properties with original amounts less than $1,000,000 held in domestic offices. note: (1) institutions report only those loans having original amounts of less than $1,000,000 (large institutions might have these types of loans but not within this size range) (2) For institutions filing only the total number of the aforementioned loans with original amounts of less than $100,000, it was assumed that the total amount of these loans have original amounts of less than $100,000 (3)Available on a quarterly basis as of 2010. Prior to 2010, reported as of June 30th only. "
"18.","# of loans sec. by nonfarm nonres. props. - orig. amts. of $100K or less","Lnrenr1N","Number of individual loans secured by nonfarm nonresidential properties with original amounts of $100,000 or less held in domestic offices. note: (1) institutions report only those loans having original amounts of less than $1,000,000 (large institutions might have these types of loans but not within this size range) (2) Available on a quarterly basis as of 2010. Prior to 2010, reported as of June 30th only. "
"19.","# of loans sec. by nonfarm nonres. props. - orig. amts. $100K- $250K","Lnrenr2N","Number of individual small business loans secured by nonfarm nonresidential properties in domestic offices with original amounts of more than $100,000 through $250,000. note: (1) institutions report only those loans having original amounts of less than $1,000,000 (large institutions might have these types of loans but not within this size range) (2) Available on a quarterly basis as of 2010. Prior to 2010, reported as of June 30th only. "
"20.","# of loans sec. by nonfarm nonres. props. - orig. amts. $250K - $1M","Lnrenr3N","Number of individual loans secured by nonfarm nonresidential properties with original amounts between $250,000 and $1,000,000 held in domestic offices. note: (1) institutions report only those loans having original amounts of less than $1,000,000 (large institutions might have these types of loans but not within this size range) (2) Available on a quarterly basis as of 2010. Prior to 2010, reported as of June 30th only. "
"21.","# of C&I loans to U.S. addressees - orig. amts.  of $1M or less","Lnci4N","Number of individual commercial and industrial loans with original amounts less than $1,000,000 held in domestic offices. note: (1) institutions report only those loans having original amounts of less than $1,000,000 (large institutions might have these types of loans but not within this size range) (2) Available on a quarterly basis as of 2010. Prior to 2010, reported as of June 30th only. "
"22.","# of C&I loans to U.S. addressees - orig. amts. of $100K or less","Lnci1N","Number of individual commercial and industrial loans with original amounts of $100,000 or less held in domestic offices. note: (1) institutions report only those loans having original amounts of less than $1,000,000 (large institutions might have these types of loans but not within this size range) (2) Available on a quarterly basis as of 2010. Prior to 2010, reported as of June 30th only. "
"23.","# of C&I loans to U.S. addressees - orig. amts. $100K - $250K","Lnci2N","Number of individual commercial and industrial loans with original amounts between $100,000 and $250,000 held in domestic offices. note: (1) institutions report only those loans having original amounts of less than $1,000,000 (large institutions might have these types of loans but not within this size range) (2)Available on a quarterly basis as of 2010. Prior to 2010, reported as of June 30th only. "
"24.","# of C&I loans to U.S. addressees - orig. amts. $250K - $1M","Lnci3N","Number of individual commercial and industrial loans with original amounts between $250,000 and $1,000,000 held in domestic offices. note: (1) institutions report only those loans having original amounts of less than $1,000,000 (large institutions might have these types of loans but not within this size range) (2) Available on a quarterly basis as of 2010. Prior to 2010, reported as of June 30th only. "
"25.","# of loans sec. by farmland  -  orig. amts. of $500K or less","Lnreag4N","Number of individual loans secured by farmland (including farm residential and other improvements) with original amounts less than $500,000 held in domestic offices. note: (1) institutions report only those loans having original amounts of less than $500,000 (large institutions might have these types of loans but not within this size range) (2) Available on a quarterly basis as of 2010. Prior to 2010, reported as of June 30th only. "
"26.","# of loans sec. by farmland  -  orig. amts. of $100K or less","Lnreag1N","Number of individual loans secured by farmland (including farm residential and other improvements) with original amounts of $100,000 or less held in domestic offices. note: (1) institutions report only those loans having original amounts of less than $500,000 (large institutions might have these types of loans but not within this size range) (2) Available on a quarterly basis as of 2010. Prior to 2010, reported as of June 30th only. "
"27.","# of loans sec. by farmland  -  orig. amts. $100K - $250K","Lnreag2N","Number of individual loans secured by farmland (including farm residential and other improvements) with original amounts between $100,000 and $250,000 held in domestic offices. note: (1) institutions report only those loans having original amounts of less than $500,000 (large institutions might have these types of loans but not within this size range) (2) Available on a quarterly basis as of 2010. Prior to 2010, reported as of June 30th only. "
"28.","# of loans sec. by farmland  -  orig. amts. $250K - $500K","Lnreag3N","Number of individual loans secured by farmland (including farm residential and other improvements) with original amounts between $250,000 and $500,000 held in domestic offices. note: (1) institutions report only those loans having original amounts of less than $500,000 (large institutions might have these types of loans but not within this size range) (2) Available on a quarterly basis as of 2010. Prior to 2010, reported as of June 30th only. "
"29.","# of loans to finance agricultural prod. - orig. amts. of $500K or less","Lnag4N","Number of individual loans to finance agricultural production and other loans to farmers with original amounts less than $500,000 held in domestic offices. note: (1) institutions report only those loans having original amounts of less than $500,000 (large institutions might have these types of loans but not within this size range) (2) For institutions filing only the total number of the aforementioned loans with original amounts of less than $100,000, it was assumed that the total amount of these loans have original amounts of less than $100,000 (3) Available on a quarterly basis as of 2010. Prior to 2010, reported as of June 30th only. "
"30.","# of loans to finance agricultural prod. - orig. amts. of $100K or less","Lnag1N","Number of individual loans to finance agricultural production and other loans to farmers with original amounts of $100,000 or less held in domestic offices. note: (1) institutions report only those loans having original amounts of less than $500,000 (large institutions might have these types of loans but not within this size range) (2) For institutions filing only the total number of the aforementioned loans with original amounts of less than $100,000, it was assumed that the total amount of these loans have original amounts of less than $100,000 (3) Available on a quarterly basis as of 2010. Prior to 2010, reported as of June 30th only. "
"31.","# of loans to finance agricultural prod. - orig. amts. $100K - $250K","Lnag2N","Number of individual loans to finance agricultural production and other loans to farmers with original amounts between $100,000 and $250,000 held in domestic offices. note: (1) institutions report only those loans having original amounts of less than $500,000 (large institutions might have these types of loans but not within this size range) (2) Available on a quarterly basis as of 2010. Prior to 2010, reported as of June 30th only. "
"32.","# of loans to finance agricultural prod. - orig. amts. $250K - $500K","Lnag3N","Number of individual loans to finance agricultural production and other loans to farmers with original amounts between $250,000 and $500,000 held in domestic offices.<BR><BR><b>Note:</b><BR>(1) Institutions report only those loans having original amounts of less than $500,000 (large institutions might have these types of loans but not within this size range)<BR>(2) Available on a quarterly basis as of 2010. Prior to 2010, reported as of June 30th only."
