"SDI System: Time Deposits of Less Than $100,000"
"","Title","Variable","Definition"
"1.","Amount ($)  - time deposits less than $100,000","ntrcdsm","Total time deposits, both certificates of deposits and time open-accounts, under $100,000 held in domestic offices. note: although standard fdic insurance coverage was temporarily raised from $100,000 to $250,000 in october 2008, institutions are required to report this item based on the $100,000 coverage limit through December 2009. This item is not available for TFR Reporters."
"2.","Time deposits of < $100,000: 3 months or less","cd3less","Domestic time deposits of less than $100,000, plus all open-account time deposits that are either fixed rate instruments with remaining maturities of 3 months or less or floating rate instruments subject to repricing on a quarterly or more frequent basis.   This item is not available for TFR Reporters."
"3.","Time deposits of < $100,000: 3 - 12  months","cd3t12s","Domestic time deposits of less than $100,000, plus all open-account time deposits that are either fixed rate instruments with remaining maturities of more than 3 months, but less than one year or floating rate instruments subject to repricing less often than quarterly, but more often than yearly.   This item is not available for TFR Reporters."
"4.","Time deposits of < $100,000: 1 - 3 years","cd1t3s","Domestic time deposits of less than $100,000, plus all open-account time deposits that are either fixed rate instruments with remaining maturities of one through three years or floating rate instruments subject to repricing less often than yearly, but more often than once every three years.  This item is not available for TFR Reporters."
"5.","Time deposits of < $100,000: 3 or more years","cdov3s","Domestic time deposits of less than $100,000, plus all open-account time deposits that are either fixed rate instruments with remaining maturities of more than 3 years or floating rate instruments subject to repricing every three years or more.   This item is not available for TFR Reporters."
