"SDI System: Total Deposits"
"","Title","Variable","Definition"
"1.","Total deposits","dep","The sum of all deposits including demand deposits, money market deposits, other savings deposits, time deposits and deposits in foreign offices."
"2.","Deposits held in domestic offices","depdom","The sum of all domestic office deposits, including demand deposits, money market deposits, other savings deposits and time deposits."
"3.","Individuals, partnerships, and corporations","idtrni","Total transaction and nontransaction accounts of individuals, partnerships and corporations (including all certified and official checks) held in both domestic and foreign offices. prior to 2004, this item is not available for tfr reporters with assets less than $300 million and risk-based capital ratios in excess of 12 percent. RIS definition = IDTRNI = (TRNIPCOC + NTRIPC)"
"4.","U.S. Government","idtrngov","Total transaction and nontransaction accounts of federal public funds made by or for the account of the U.S. government which are held in domestic offices.  It includes U.S. Treasury tax and loan accounts, standing deposits to the credit of certain quasi-governmental institutions and deposits of the U.S. Postal Service and local post offices.<BR><BR>RIS definition = IDTRNGOV = (TRNUSGOV + NTRUSGOV)"
"5.","States and political subdivisions in the U.S.","idtrnmu","Total transaction and nontransaction accounts of states, counties, municipalities, and local housing authorities (or political subdivisions) held in domestic offices.  Included are deposits of funds advanced to states and political subdivisions by the U.S. government and corporations, and deposits of withheld income taxes of states and political subdivisions. <BR><BR>RIS definition: IDTRNMU = (TRNMUNI + NTRMUNI)"
"6.","Commercial banks and other depository institutions in U.S.","idtrcomb","Total transaction and nontransaction accounts of commercial banks and other depository institutions that held in both domestic and foreign offices.<BR><BR>RIS definition: IDTRCOMB = (TRNCBO + NTRCOMOT)"
"7.","Banks in foreign countries","idtrnfc","Total transaction and nontransaction accounts of banks in foreign countries held in both domestic and foreign offices.  It also includes IBFs established by U.S. branches and agencies of foreign banks.  This item is not reported by institutions with less than $100 million in total assets.<BR><BR>RIS definition: IDTRNFC = (TRNFC + NTRFC)"
"8.","Foreign governments and official institutions","idtrnfg","Total transaction and nontransaction accounts of foreign governments and official institutions (includes foreign central banks) held in both domestic and foreign offices.  This item is not reported by institutions with less than $100 million in total assets. <BR><BR>RIS definition: IDTRNFG = (TRNFG + NTRFG)"
"9.","Deposits held in foreign offices","depfor","The sum of all foreign office deposits, including demand deposits, money market deposits, other savings deposits and time deposits.  *&nbsp;&nbsp;This item is not available for TFR Reporters."
"10.","Deposits held in domestic offices","depdom","The sum of all domestic office deposits, including demand deposits, money market deposits, other savings deposits and time deposits."
"11.","Transaction accounts","trn","The sum of the following accounts held in domestic offices: demand deposits, NOW accounts, Automated Transfer Service (ATS) accounts and telephone or preauthorized transfer accounts. prior to 2004, this item is not available for tfr reporters."
"12.","Demand deposits","ddt","Total demand deposits included in transaction accounts held in domestic offices. prior to 2004, this item is not available for TFR Reporters."
"13.","Nontransaction accounts","ntr","The sum of the following accounts held in domestic offices: money market deposit accounts (MMDAs), other savings deposits and all time deposits. prior to 2004, this item is not available for tfr reporters."
"14.","Money market deposit accounts (MMDAs)","ntrsmmda","Total money market deposit accounts held in domestic offices. *�prior to 2004, this item is not available for TFR Reporters."
"15.","Other savings deposits (excluding MMDAs)","ntrsoth","Total savings deposits held in domestic offices, aside from money market deposit accounts. prior to 2004, this item is not available for TFR Reporters."
"16.","Total time deposits","ntrtime","Total nontransaction time deposits held in domestic offices. <p> Prior to 2004, this  item is not available for TFR reporters with assets less than $300 million and risk-based capital ratios in excess of 12 percent. </p>"
"17.","Total time and savings deposits","ts","Total transaction and nontransaction time and savings deposit accounts held in domestic offices.  This item is not available for TFR reporters with assets less than $300 million and risk-based capital ratios in excess of 12 percent."
"18.","Deposits held in domestic offices","depdom","The sum of all domestic office deposits, including demand deposits, money market deposits, other savings deposits and time deposits."
"19.","Noninterest-bearing deposits","depnidom","The sum of total demand deposits and noninterest-bearing time and savings deposits held in domestic offices. <P>Prior to 2004, this item is not available for <a href='definitions.asp?SystemForm=ID&HelpItem=tfrrpt'>TFR Reporters</a>."
"20.","Interest-bearing deposits","depidom","The sum of interest-bearing time and savings deposits held in domestic offices.  This item is not available for Thrift Financial Report filers having both assets less than $300 million and risk-based capital ratios if 12 percent or more."
"21.","Retail deposits","coredep","The core deposit definition was changed in March 2011.<br> Core deposits held in domestic offices now includes:total domestic office deposits minus<br>(1) time deposits of more than $250,000 held indomestic offices <br>(2) brokered deposits of $250,000 or less held indomestic offices.<br><br>Prior to the March 2010, core deposits were calculated as follows:<br> Total domestic office deposits minus <br>(1) time deposits of $100,000 or moreheld in domestic offices."
"22.","Estimated insured deposits","depins","The estimated amount of FDIC insured deposits in domestic offices and in insured branches of Puerto Rico and US territories and possessions. notes: (1) as of july 21, 2010, the standard maximum deposit insurance amount was permanently raised to $250,000. (2) Beginning December 31, 2010, through December 31, 2012, includes the unlimited insurance coverage of noninterest-bearing transaction accounts. all noninterest-bearing transaction accounts are fully insured, regardless of the balance of the account, at all FDIC-insured institutions. (3) Beginning September 2009, amounts for non-retirement accounts are reported based on the temporary increase to the standard insurance limit to $250,000. (4) Prior to September 2009, amounts for non-retirement accounts were reported based on the standard insurance limit of $100,000. (5) Beginning in 2006, retirement accounts are insured to $250,000 and reporting was phased in at different times during the year by banks, thrifts and IBAs. (6) Prior to March 2002, reported for domestic offices only. (7) This calculation uses the self-reported estimate of uninsured deposits filed by institutions that are greater than $1 billion. "
"23.","IRAs and Keogh plan accounts","irakeogh","Individual Retirement Accounts and Keogh Plan Accounts held in domestic offices."
"24.","Brokered deposits","bro","Total brokered deposits held in domestic offices. Brokered deposits represent funds which the reporting bank obtains, directly orindirectly, by or through any deposit broker for deposit into one or more deposit accounts. Thus, brokered deposits include both those in which the entire beneficial interest in a given bank deposit account or instrument is held by a single depositor and those in which the deposit broker sells participations in a given bank deposit account or instrument to one or more investors.Fully insured brokered deposits are brokered deposits that are issued in denominations of $100,000"
"25.","Fully insured brokered deposits","broins","Brokered deposits held in domestic offices issued in denominations of less than $100,000, or in denominations of $100,000 or more and participated out by the broker in shares of less than $100,000note: although standard fdic insurance coverage was temporarily raised from $100,000 to $250,000 in october 2008, institutions are required to report this item based on the $100,000 coverage limit through December 2009. "
"26.","Deposits obtained via list services, yet not brokered","DEPLSNB","Estimated amount of deposits obtained through the use of deposit listing services that are not brokered.<br><br> Available as of March 2011"
"27.","Deposits held in foreign offices","depfor","The sum of all foreign office deposits, including demand deposits, money market deposits, other savings deposits and time deposits.  *&nbsp;&nbsp;This item is not available for TFR Reporters."
"28.","Noninterest-bearing deposits","depnifor","The sum of total demand deposits and noninterest-bearing time and savings deposits held in foreign offices.   This item is not available for TFR Reporters."
"29.","Interest-bearing deposits","depifor","The sum of interest-bearing time and savings deposits held in foreign offices.   This item is not available for TFR Reporters."
