"SDI System: Total Charge-offs 1-4 Family Residential"
"","Title","Variable","Definition"
"1.","Total charge-offs secured by 1-4 family residential properties","drreres","Total loans secured by 1-4 family residential properties (which are held in domestic offices) that have been charged-off and debited to the allowance for loan and lease losses established by the institution."
"2.","Loans secured by 1-4 family senior liens � total charge-offs","DRRERSFM","Closed-end loans secured by first liens 1-4 family residential properties (which are held in domestic offices) that have been charged-off and debited to the allowance for loan and lease losses established by the institution.<P>Prior to 2004, this item is not available for </FONT><A HREF='definitions.asp?SystemForm=ID&HelpItem=tfrrpt'><FONT FACE='Helvetica' SIZE=2>TFR Reporters</FONT></A><FONT FACE='Helvetica' SIZE=2>.</P>"
"3.","Loans secured by 1-4 family junior liens � total charge-offs","DRRERSF2","Closed-end loans secured by junior liens 1-4 family residential properties (which are held in domestic offices) that have been charged-off and debited to the allowance for loan and lease losses established by the institution.<P>Prior to 2004, this item is not available for </FONT><A HREF='definitions.asp?SystemForm=ID&HelpItem=tfrrpt'><FONT FACE='Helvetica' SIZE=2>TFR Reporters</FONT></A><FONT FACE='Helvetica' SIZE=2>.</P>"
"4.","Total charge offs - home equity lines of credit","drreloc","Total revolving, open-end loans secured by 1-4 family residential properties and extended under lines of credit (which are held in domestic offices) that have been charged-off and debited to the allowance for loan and lease losses established by the institution."
