"SDI System: Total Unused Commitments"
"","Title","Variable","Definition"
"1.","Total unused commitments","uc","The unused portions of commitments to make or purchase extensions of credit in the form of loans or participations in loans, lease financing receivables, or similar transactions for which a fee has been paid or are otherwise legally bound."
"2.","Loan commitments-revolving, open-end lines secured by 1-4's","ucloc","Unused commitments for revolving, open-end lines secured by 1-4 family residential properties."
"3.","Credit card lines","uccrcd","Unused portions of commitments to extend credit both to individuals for household, family, and other personal expenditures and to commercial or industrial enterprises through credit cards.  "
"4.","Commercial real estate, construction & land development","uccomre","Unused portions of commitments to extend credit for commercial real estate, construction, and land development activities (includes commitments secured and unsecured by real estate)."
"5.","Commitments secured by real estate","uccomres","Unused portions of commitments to extend credit to finance commercial and multifamily residential properties and land development."
"6.","Commitments not secured by real estate","uccomreu","Unused portions of commitments to extend credit to finance commercial and residential real estate activities reported as 'commercial and industrial loans' or 'other loans'."
"7.","Securities underwriting","ucsc","The unsold portions of the reporting bank's takedown in securities underwriting transactions.  This includes revolving underwriting facilities (RUF), note issuance facilities (NIF) and other similar arrangements."
"8.","Other unused commitments","ucother","Unused portion of commitments for purposes other than revolving, open-end lines secured by 1-4 family residential property, credit card lines, commercial real estate, construction and land development, and securities underwriting.  This includes commitments to extend credit through overdraft facilities or commercial lines of credit and retail check, credit, and related plans."
"9.","Commitments with an original maturity exceeding 1 yr","ucover1","All unused commitments that obligate the bank to extend credit in the form of loans or participations in loans, lease financing receivables or similar transactions and have an original maturity date exceeding one year.  <br> <br> This item reflects only the unused portion (gross amount) of commitments that a fee has been paid or otherwise legally binding.  Banks having assets less than $100 million do not report this item.  <br><br>Included off-balance sheetsecuritization exposures before March 2015."
"10.","Securities lent","sclent","Either the book value of securities lent on both a collateralized and uncollateralized basis or the market value of customers' securities lent, where the customer is indemnified against loss by the institution."
"11.","All other off-balance sheet liabilities","othoffbs","All other off-balance sheet liabilities (excluding off-balance sheet derivatives)."
"12.","Conveyed to others by reporting bank","partconv","Participations in acceptances conveyed to others by the institution that are outstanding. not reported as of march 2006"
"13.","Acquired by reporting bank","partacqu","Participations in acceptances acquired by the reporting (nonaccepting) bank that are outstanding. <br><br> This information is not available after December 31, 2014."
