"SDI System: Total Loans and Leases in Foreign Offices"
"","Title","Variable","Definition"
"1.","Total loans and leases","lnlsgrf","Total loans and lease financing receivables, net of unearned income, held in foreign offices. This item is filed by  Call Reporters  only."
"2.","Unearned income","unincfor","Unearned income on loans held in foreign offices. "
"3.","Loans and leases, gross","lnlsfor","Loans and lease financing receivables of the institution, including unearned income, held in foreign offices.  "
"4.","Loans held in foreign offices","lnrefor","Loans secured by Real Estate held in foreign offices. "
"5.","Loans to Depository Institutions  & Acceptances of Other Banks � Foreign offices","idlndacf","Acceptances of U.S. banks held in foreign offices, acceptances of foreign banks held in foreign offices and loans to depository institutions held in foreign offices. Beginning June 2001 it includes acceptances for IBAS also.<BR><BR>RIS definition: IDLNDACF = SUM(LNDEPAC, -LNDEPACD, 0)"
"6.","To commercial banks in U.S.","lndepcbf","Total loans to commercial banks located in the U.S. held in foreign offices.                                                                                            "
"7.","To other depository institutions in U.S.","lndepusf","Loans to other depository institutions in the U.S. (other than commercial banks domiciled in the U.S.) held in foreign offices."
"8.","To banks in foreign countries","lndepfcf","Loans to depository institutions and their branches that are located outside the U.S held in foreign offices."
"9.","Farm loans","lnagfor","Loans to finance agricultural production and other loans to farmers held in foreign offices."
"10.","Commercial and industrial loans","lncifor","Commercial and industrial loans held in foreign offices. Excludes all loans secured by real estate, loans to individuals, loans to depository institutions and foreign governments, loans to states and political subdivisions and lease financing receivables."
"11.","To non-U.S. addressees","lncinusf","Commercial and industrial loans (to non-U.S. addressees) held in foreign offices. Excludes all loans secured by real estate, loans to individuals, loans to depository institutions and foreign governments, loans to states and political subdivisions and lease financing receivables."
"12.","Loans to individuals","lnconfor","Loans to individuals held in foreign offices for household, family, and other personal expenditures including outstanding credit card balances and other secured and unsecured consumer loans."
"13.","Loans to foreign governments and official institutions","lnfgfor","Loans (including planned and unplanned overdrafts) to foreign governments and official institutions, including foreign central banks, held in foreign offices."
"14.","Obligations of states and political subdivisions in U.S.","lnmunif","Obligations of states and political subdivisions in the U.S. (including nonrated industrial development obligations) held in foreign offices.  Securities and leases are not included."
"15.","Other loans","lnotherf","All other loans held in foreign offices."
"16.","Lease financing receivables","lsfor","Lease financing receivables, net of unearned income, held in foreign offices."
