"SDI System: Total Interest Expense"
"","Title","Variable","Definition"
"1.","Total interest expense","eintexp","Total interest expense"
"2.","Interest expense: Domestic office deposits","edepdom","Total interest expense on deposits held in domestic offices."
"3.","Interest expense: Foreign office deposits","edepfor","Total interest expense on deposits held in foreign offices, Edge and agreement subsidiaries and IBFs."
"4.","Interest expense: Federal funds purchased","efrepp","Total interest expense on federal funds purchased and securities sold under agreements to repurchase in domestic offices of the bank and of its Edge and agreement subsidiaries, and in IBFs."
"5.","Interest Expense:Demand notes, US treasury & other","ettlotmg","Total interest expense on demand notes issued to the US Treasury, other borrowed money and interest on mortgage indebtedness and obligations under capitalized leases on a consolidated basis."
"6.","Interest Expense: Subordinated notes and debenture","esubnd","Total interest expense on subordinated notes and debentures."
