"SDI System: Total Recoveries 1-4 Family Residential"
"","Title","Variable","Definition"
"1.","Secured by 1-4 family residential properties - total recoveries","crreres","Total recoveries of loans secured by 1-4 family residential properties (which are held in domestic offices) that have been credited to the allowance for loan and lease losses established by the institution."
"2.","Loans secured by 1-4 family senior liens � total recoveries","CRRERSFM","Total recoveries of closed-end loans secured by first liens 1-4 family residential properties (which are held in domestic offices) that have been credited to the allowance for loan and lease losses established by the institution.<P>Prior to 2004, this item is not available for </FONT><A HREF='definitions.asp?SystemForm=ID&HelpItem=tfrrpt'><FONT FACE='Helvetica' SIZE=2>TFR Reporters</FONT></A><FONT FACE='Helvetica' SIZE=2>.</P>"
"3.","Loans secured by 1-4 family junior liens � total recoveries","CRRERSF2","Total recoveries of closed-end loans secured by junior liens 1-4 family residential properties (which are held in domestic offices) that have been credited to the allowance for loan and lease losses established by the institution.<P>Prior to 2004, this item is not available for </FONT><A HREF='definitions.asp?SystemForm=ID&HelpItem=tfrrpt'><FONT FACE='Helvetica' SIZE=2>TFR Reporters</FONT></A><FONT FACE='Helvetica' SIZE=2>.</P>"
"4.","Home equity lines of credit - total recoveries","crreloc","Total recoveries of revolving open-end loans secured by 1-4 family residential properties and extended under lines of credit (which are held in domestic offices) that have been credited to the allowance for loan and lease losses established by the institution."
