"SDI System: Total Assets and Liabilities in Foreign Offices	"
"","Title","Variable","Definition"
"1.","Total assets in foreign offices","assetfor","The sum of all assets held in foreign offices owned by the institution including cash, loans, securities, bank premises and other assets.  This total does not include off-balance-sheet accounts.  Available for Call Reporters only."
"2.","Cash and due from depository institutions","chbalfor","Total cash and balances due from depository institutions held in foreign offices, including both interest-bearing and noninterest-bearing balances."
"3.","Reverse repo agreements purchased - foreign offices","repopurf","Securities sold under agreements to repurchase held in foreign offices. Available starting in 2002."
"4.","Total loans and leases","lnlsgrf","Total loans and lease financing receivables, net of unearned income, held in foreign offices. This item is filed by  Call Reporters  only."
"5.","Unearned income","unincfor","Unearned income on loans held in foreign offices. "
"6.","Loans and leases, gross","lnlsfor","Loans and lease financing receivables of the institution, including unearned income, held in foreign offices.  "
"7.","Loans held in foreign offices","lnrefor","Loans secured by Real Estate held in foreign offices. "
"8.","Loans to Depository Institutions  & Acceptances of Other Banks � Foreign offices","idlndacf","Acceptances of U.S. banks held in foreign offices, acceptances of foreign banks held in foreign offices and loans to depository institutions held in foreign offices. Beginning June 2001 it includes acceptances for IBAS also.<BR><BR>RIS definition: IDLNDACF = SUM(LNDEPAC, -LNDEPACD, 0)"
"9.","To commercial banks in U.S.","lndepcbf","Total loans to commercial banks located in the U.S. held in foreign offices.                                                                                            "
"10.","To other depository institutions in U.S.","lndepusf","Loans to other depository institutions in the U.S. (other than commercial banks domiciled in the U.S.) held in foreign offices."
"11.","To banks in foreign countries","lndepfcf","Loans to depository institutions and their branches that are located outside the U.S held in foreign offices."
"12.","Farm loans","lnagfor","Loans to finance agricultural production and other loans to farmers held in foreign offices."
"13.","Commercial and industrial loans","lncifor","Commercial and industrial loans held in foreign offices. Excludes all loans secured by real estate, loans to individuals, loans to depository institutions and foreign governments, loans to states and political subdivisions and lease financing receivables."
"14.","To non-U.S. addressees","lncinusf","Commercial and industrial loans (to non-U.S. addressees) held in foreign offices. Excludes all loans secured by real estate, loans to individuals, loans to depository institutions and foreign governments, loans to states and political subdivisions and lease financing receivables."
"15.","Loans to individuals","lnconfor","Loans to individuals held in foreign offices for household, family, and other personal expenditures including outstanding credit card balances and other secured and unsecured consumer loans."
"16.","Loans to foreign governments and official institutions","lnfgfor","Loans (including planned and unplanned overdrafts) to foreign governments and official institutions, including foreign central banks, held in foreign offices."
"17.","Obligations of states and political subdivisions in U.S.","lnmunif","Obligations of states and political subdivisions in the U.S. (including nonrated industrial development obligations) held in foreign offices.  Securities and leases are not included."
"18.","Other loans","lnotherf","All other loans held in foreign offices."
"19.","Lease financing receivables","lsfor","Lease financing receivables, net of unearned income, held in foreign offices."
"20.","Trading account assets","trfor","Securities and other assets held in foreign offices that are acquired with the intent to resell in order to profit from short-term price movements. Effective January 1, 1994, this item includes revaluation gains.  "
"21.","Total liabilities in foreign offices","liabfor","Deposits and other borrowings, subordinated notes and debentures, limited-life preferred stock and related surplus, trading account liabilities and mortgage indebtedness which are held in foreign offices. "
"22.","Deposits held in foreign offices","depfor","The sum of all foreign office deposits, including demand deposits, money market deposits, other savings deposits and time deposits.  *&nbsp;&nbsp;This item is not available for TFR Reporters."
"23.","Individuals, partnerships and corporations ","depipccf","Total transaction and nontransaction accounts of individuals, partnerships and corporations (including all certified and official checks) held in foreign offices.  This item is not available for TFR reporters with assets less than $300 million and risk-based capital ratios in excess of 12 percent."
"24.","Commercial banks and other depository institutions in U.S.","depusbkf","Deposits of U.S. banks (including IBFs and foreign branches of U.S. banks) and other depository institutions in the U.S that are held in foreign offices."
"25.","Banks in foreign countries","depfbkf","Deposits of foreign banks (including U.S. branches and agencies of foreign banks) held in foreign offices."
"26.","Foreign governments and official institutions","depfgovf","Deposits of foreign governments and official institutions (including foreign central banks) held in foreign offices."
"27.","U.S government, states, and political subdivisions","depusmf","Deposits of U.S. government, states and political subdivisions in the U.S. that are held in foreign offices."
"28.","Deposits held in foreign offices","depfor","The sum of all foreign office deposits, including demand deposits, money market deposits, other savings deposits and time deposits.  *&nbsp;&nbsp;This item is not available for TFR Reporters."
"29.","Noninterest-bearing deposits","depnifor","The sum of total demand deposits and noninterest-bearing time and savings deposits held in foreign offices.   This item is not available for TFR Reporters."
"30.","Interest-bearing deposits","depifor","The sum of interest-bearing time and savings deposits held in foreign offices.   This item is not available for TFR Reporters."
"31.","Reverse repo agreements sold - foreign offices","reposldf","Securities purchased under agreements to resell held in foreign offices. Available starting in 2002."
"32.","Other borrowed funds","othborf","Other borrowed money held in foreign offices.  Beginning in March 1997, this item includes mortgage indebtedness and obligations under capitalized leases."
