"SDI System: Total Debt Securities"
"","Title","Variable","Definition"
"1.","Total debt securities","scrdebt","Total debt securities, both domestic and foreign at amortized cost and fair value, excluding nonaccrual debt securities. <P>For <a href='definitions.asp?SystemForm=ID&HelpItem=tfrrpt'>TFR Reporters</a> this item includes securities held in trading accounts.</P> "
"2.","Three months or less","scpt3les","Mortgage pass-through securities backed by closed-end first lien 1-4 family residential mortgages with a remaining maturity or next repricing date of three months or less.  This includes fixed rate and floating rate mortgage pass-through securities.   This item is not available for TFR Reporters. "
"3.","Over three months through twelve months","scpt3t12","Mortgage pass-throughs securities backed by closed-end first lien 1-4 family residential mortgages with a remaining maturity or next repricing date of over three months through twelve months.  This includes fixed rate and floating rate mortgage pass-through securities.   This item is not available for TFR Reporters. "
"4.","Over one year through three years","scpt1t3","Mortgage pass-throughs securities backed by closed-end first lien 1-4 family residential mortgages with a remaining maturity or next repricing date of over one year through three years.  This includes fixed rate and floating rate mortgage pass-through securities.   This item is not available for TFR Reporters. "
"5.","Over three years through five years","scpt3t5","Mortgage pass-throughs securities backed by closed-end first lien 1-4 family residential mortgages with a remaining maturity or next repricing date of over three years through five years.  This includes fixed rate and floating rate mortgage pass-through securities.   This item is not available for TFR Reporters. "
"6.","Over five years through fifteen years","scpt5t15","Mortgage pass-throughs securities backed by closed-end first lien 1-4 family residential mortgages with a remaining maturity or next repricing date of over five years through fifteen years.  This includes fixed rate and floating rate mortgage pass-through securities.   This item is not available for TFR Reporters. "
"7.","Over fifteen years","scptov15","Mortgage pass-throughs securities backed by closed-end first lien 1-4 family residential mortgages with a remaining maturity or next repricing date of over fifteen years.  This includes fixed rate and floating rate mortgage pass-through securities.   This item is not available for TFR Reporters. "
"8.","Three years or less","sco3yles","Other mortgage-backed securities (CMOs, REMICs, and stripped MBS) with an expected average life of three years or less.  This includes both fixed rate and floating rate securities.  Held-to-maturity securities are reported at amortized cost.  Available-for-sale securities are reported at fair value.  This excludes all mortgage pass-through securities and securities that are in nonaccrual status.   This item is not available for TFR Reporters. "
"9.","Over three years","scoov3y","Other mortgage-backed securities (CMOs, REMICs, and stripped MBS) with an expected average life of over three years.  Held-to-maturity securities are reported at amortized cost.  Available-for-sale securities are reported at fair value.  This excludes all mortgage pass-through securities and securities that are in nonaccrual status.   This item is not available for TFR Reporters. "
"10.","Three months or less","scnm3les","Fixed and floating rate debt securities with a remaining maturity or next repricing date of three months or less.  This includes securities that are issued by the U.S. Treasury, U.S. government agencies, and states and political subdivisions; other non-mortgage debt securities, and mortgage pass-through securities other than those backed by closed-end first lien 1-4 family residential mortgages. This excludes debt securities that are in nonaccrual status.     This item is not available for TFR Reporters. "
"11.","Over three months through twelve months","scnm3t12","Fixed and floating rate debt securities with a remaining maturity or next repricing date of over three months through twelve months.  This includes securities that are issued by the U.S. Treasury, U.S. government agencies, and states and political subdivisions; other non-mortgage debt securities, and mortgage pass-through securities other than those backed by closed-end first lien 1-4 family residential mortgages. This excludes debt securities that are in nonaccrual status.   This item is not available for TFR Reporters. "
"12.","Over one year through three years","scnm1t3","Fixed and floating rate debt securities with a remaining maturity or next repricing date of over one year through three years.  This includes securities that are issued by the U.S. Treasury, U.S. government agencies, and states and political subdivisions; other non-mortgage debt securities, and mortgage pass-through securities other than those backed by closed-end first lien 1-4 family residential mortgages. This excludes debt securities that are in nonaccrual status.   This item is not available for TFR Reporters. "
"13.","Over three years through five years","scnm3t5","Fixed and floating rate debt securities with a remaining maturity or next repricing date of over three years through five years.  This includes securities that are issued by the U.S. Treasury, U.S. government agencies, and states and political subdivisions; other non-mortgage debt securities, and mortgage pass-through securities other than those backed by closed-end first lien 1-4 family residential mortgages. This excludes debt securities that are in nonaccrual status.   This item is not available for TFR Reporters. "
"14.","Over five years through fifteen years","scnm5t15","Fixed and floating rate debt securities with a remaining maturity or next repricing date of over five years through fifteen years.  This includes securities that are issued by the U.S. Treasury, U.S. government agencies, and states and political subdivisions; other non-mortgage debt securities, and mortgage pass-through securities other than those backed by closed-end first lien 1-4 family residential mortgages. This excludes debt securities that are in nonaccrual status.   This item is not available for TFR Reporters. "
"15.","Over fifteen years","scnmov15","Fixed and floating rate debt securities with a remaining maturity or next repricing date of over fifteen years.  This includes securities that are issued by the U.S. Treasury, U.S. government agencies, and states and political subdivisions; other non-mortgage debt securities, and mortgage pass-through securities other than those backed by closed-end first lien 1-4 family residential mortgages. This excludes debt securities that are in nonaccrual status.   This item is not available for TFR Reporters. "
"16.","With remaining maturity of one year or less","sc1les","Fixed and floating rate debt securities with a remaining maturity of one year or less.  Held-to-maturity debt securities are reported at amortized cost.  Available-for-sale debt securities are reported at fair value.  This excludes debt securities that are in nonaccrual status.   This item is not available for TFR Reporters. "
