"SDI System: Trading Account Gains & Fees"
"","Title","Variable","Definition"
"1.","Trading account gains and fees","igltrad","Net gains and losses from trading cash instruments and off-balance sheet derivative contracts (including commodity contracts) that have been recognized during the accounting period."
"2.","Interest rate exposures","iglrtex","Trading revenues on interest rate exposures such as cash instruments and off-balance sheet derivative instruments.  Beginning in 2001, this item is only required to be filed banks that reported average trading assets (in the FFIEC Call Report Schedule RC-K, item 7) of $2 million or more for any quarter of the preceding calendar year.  This item is not available for TFR Reporters"
"3.","Foreign exchange exposures","iglfxex","Trading revenues on foreign exchange exposures such as cash instruments and off-balance sheet derivative instruments.  Beginning in 2001, this item is only required to be filed banks that reported average trading assets (in the FFIEC Call Report Schedule RC-K, item 7) of $2 million or more for any quarter of the preceding calendar year.  This item is not available for TFR Reporters"
"4.","Equity security and index exposures","igledex","Trading revenues on equity security and index exposures such as cash instruments and off-balance sheet derivative instruments.  Beginning in 2001, this item is only required to be filed banks that reported average trading assets (in the FFIEC Call Report Schedule RC-K, item 7) of $2 million or more for any quarter of the preceding calendar year.  This item is not available for TFR Reporters"
"5.","Commondity and other exposures","iglcmex","Trading revenues on commodity and other exposures such as cash instruments and off-balance sheet derivative instruments.  Beginning in 2001, this item is only required to be filed banks that reported average trading assets (in the FFIEC Call Report Schedule RC-K, item 7) of $2 million or more for any quarter of the preceding calendar year.  This item is not available for TFR Reporters"
"6.","Trading revenues on credit exposures","IGLCREX","Trading revenues on credit exposures (from cash instrumentsand derivative instruments)<br><br>Available starting in 2007. This item is only required to be filed banks that reported average trading assets (in the FFIEC Call Report Schedule RC-K, item 7) of $2 million or more for any quarter of the preceding calendar year.<P>This item is not available for </FONT><A HREF='definitions.asp?SystemForm=ID&HelpItem=tfrrpt'><FONT FACE='Helvetica' SIZE=2>TFR Reporters</FONT></A></P> "
