"SDI System: Transaction Accounts"
"","Title","Variable","Definition"
"1.","Transaction accounts","trn","The sum of the following accounts held in domestic offices: demand deposits, NOW accounts, Automated Transfer Service (ATS) accounts and telephone or preauthorized transfer accounts. prior to 2004, this item is not available for tfr reporters."
"2.","Individuals, partnerships and corporations","trnipcoc","Transaction deposits of individuals, partnerships and corporations including certified and official checks held in domestic offices.    This item is not available for TFR Reporters."
"3.","U.S. government","trnusgov","Total transaction accounts of federal public funds made by or for the account of the U.S. government which are held in domestic offices."
"4.","States and political subdivisions in U.S.","trnmuni","Total transaction accounts of states, counties, municipalities, and local housing authorities (or political subdivisions) held in domestic offices.  Included are deposits of funds advanced to states and political subdivisions by the U.S. government and corporations, and deposits of withheld income taxes of states and political subdivisions. "
"5.","Commercial banks and other depository institutions in the U.S.","trncbo","Transaction accounts of commercial banks and other depository institutions in the U.S.    This item is not available for TFR Reporters."
"6.","Foreign deposits","trnfcfg","Total transaction accounts of banks in foreign countries, foreign government and official institutions (includes foreign central banks) held in domestic offices."
"7.","Banks in foreign countries","trnfc","Total transaction accounts of banks in foreign countries held in domestic offices.  This item is not reported by institutions with less than $100 million in total assets."
"8.","Foreign governments and official institutions","trnfg","Total transaction accounts of foreign governments and official institutions (includes foreign central banks) held in domestic offices. This item is not reported by institutions with less than $100 million in total assets. "
