"SDI System: U.S. Government Obligations"
"","Title","Variable","Definition"
"1.","U.S. Government agency obligations","scage","The amortized cost and fair value of all U.S. Government agency obligations not held for trading. Excludes commercial mortgage-backed securities as of June 2009. for tfr reporters, this includes the aforementioned securities held in trading accounts, u.s. treasury securities, and mortgage derivatives securities."
"2.","U.S. government agencies","scaot","U.S. government agency and corporation obligations (excluding mortgage-backed securities) issued by U.S. government agencies held-to-maturity at amortized cost and available-for-sale at fair value on a consolidated basis. Prior to 1994, this item was reported on a domestic basis.   This item is not available for TFR Reporters"
"3.","Issued by U.S. government enterprises (GSEs)","scspn","U.S. government agency and corporation obligations (excluding mortgage-backed securities) issued by U.S.government-sponsored agencies held-to-maturity at amortized cost and available-for-sale at fair value on a consolidated basis. Beginning January 1, 1994, this item consists of both securities designated as held-to-maturity, reported at amortized cost, and securities designated as available-for-sale, reported at fair market value.   This item is not available for TFR Reporters. "
"4.","Issued by F.N.M.A. and F.H.L.M.C.","scfmn","Mortgage-backed pass-through securities issued by FNMA and FHLMC held-to-maturity at amortized cost and available-for-sale at fair value on a consolidated basis. Beginning January 1, 1994, this item consists of both securities designated as held-to-maturity, reported at amortized cost, and securities designated as available-for-sale, reported at fair market value   This item is not available for TFR Reporters"
"5.","Issued by G.N.M.A.","scgnm","Mortgage-backed pass-through securities guaranteed by GNMA held-to-maturity at amortized cost and available-for-sale at fair value on a consolidated basis. Beginning January 1, 1994, this item consists of both securities designated as held-to-maturity, reported at amortized cost, and securities designated as available-for-sale, reported at fair market value.   This item is not available for TFR Reporters"
"6.","CMOs issued by government agencies or sponsored agencies","sccol","Mortgage-backed securities � Collateralized Mortgage Obligations. The amortized cost and fair value of all classes of CMOs and REMICs, CMO and REMIC residuals, and stripped mortgage-backed securities issued or guaranteed by U.S. Government agencies or U.S. Government-sponsored agencies that are backed by loans secured by 1-4 family residential properties. Also includes REMICs issued by the U.S. Department of Veterans Affairs (VA) that are backed by 1-4 family residential mortgages in this item. Includes privately issued CMOs and REMICS (including securities held in trading accounts) for tfr reporters. u.s. government agencies include, but are not limited to, such agencies as the government national mortgage association (gnma), the federal deposit insurance corporation (fdic), and the national credit union administration (ncua). u.s. government-sponsored agencies include, but are not limited to, such agencies as the federal home loan mortgage corporation (fhlmc) and the federal national mortgage association (fnma). beginning january 1, 1994, this item consists of both securities designated as held-to-maturity, reported at amortized cost, and securities designated as available-for-sale, reported at fair market value."
"7.","Commercial mortgage pass-through securities � FNMA, FHLMC, or GNMA","SCCPTG","Commercial mortgage pass-through securities issued or guaranteed by FNMA, FHLMC, or GNMA held-to-maturity at amortized cost and available-for-sale at fair value on a consolidated basis. note: data begins in march 2011 and is not available for tfr reporters."
"8.","Other commercial MBS Issued or guaranteed by US Govrnmnt agencies or sponsored","SCCMOG","Other commercial mortgage-backed securities issued or guaranteed by U.S. Government agencies or sponsored agencies - the amortized cost and fair value of all CMOs, REMICs, CMO and REMIC residuals, stripped mortgage-backed securities, and commercial paper backed by loans secured by properties other than 1-4 family residential properties that have been issued by U.S. Government agencies or U.S. Government-sponsored agencies. TFR Reporters."
